No.	TOKEN	NE-TAG	NE-EMB	ID	url_id	left	right	top	bottom
# https://content.staatsbibliothek-berlin.de/zefys/SNP2436020X-19080922-0-2-0-0/left,top,width,height/full/0/default.jpg
1	2	O	O	-	0	662	680	346	371
0		O	O		0	1276	1387	343	370
1	Berliner	B-ORG	O	Q15793174	0	1276	1387	343	370
2	Börſen⸗Zeitung	I-ORG	O	Q15793174	0	1406	1609	343	374
3	Nr.	O	O	-	0	1628	1672	342	369
4	445	O	O	-	0	1690	1754	341	368
5	.	O	O	-	0	1690	1754	341	368
0		O	O		0	2291	2362	338	365
1	1908	O	O	-	0	2291	2362	338	365
0		O	O		0	625	782	417	441
1	nichtpreußiſchen	O	O	-	0	625	782	417	441
2	Orden	O	O	-	0	793	859	417	438
3	erteilt	O	O	-	0	872	950	416	441
4	,	O	O	-	0	872	950	416	441
5	und	O	O	-	0	951	982	417	438
6	zwar	O	O	-	0	992	1051	420	441
7	:	O	O	-	0	992	1051	420	441
8	des	O	O	-	0	1064	1097	417	438
9	goldenen	O	O	-	0	1105	1193	417	441
10	Sterns	O	O	-	0	627	698	444	464
11	zum	O	O	-	0	718	757	449	467
12	Großkreuz	O	O	-	0	777	879	443	466
13	des	O	O	-	0	905	938	442	462
14	Königlich	O	O	-	0	963	1057	442	466
15	Sächſiſchen	O	O	-	0	1083	1192	443	466
16	Albrechtsordens	I-ORG	O	-	0	627	798	468	491
17	:	O	O	-	0	627	798	468	491
18	dem	O	O	-	0	819	858	468	487
19	General	O	O	-	0	872	953	466	487
20	der	O	O	-	0	970	1000	467	488
21	Jnfanterie	O	O	-	0	1021	1128	467	491
22	von	O	O	-	0	1150	1193	471	487
23	Prittwitz	B-PER	O	-	0	627	736	494	517
24	und	O	O	-	0	749	793	493	513
25	Gaffron	B-PER	O	Q61022	0	802	911	492	516
26	,	O	O	-	0	802	911	492	516
27	kommandierendem	O	O	-	0	921	1105	492	513
28	General	O	O	-	0	1113	1194	492	512
29	des	O	O	-	0	628	661	520	539
30	XVI.	O	O	-	0	686	734	519	539
31	Armeekorps	O	O	-	0	760	887	518	541
32	;	O	O	-	0	760	887	518	541
33	des	O	O	-	0	912	947	517	538
34	Komturkreuzes	O	O	-	0	972	1120	518	540
35	erſter	O	O	-	0	1142	1194	517	539
36	Klaſſe	O	O	-	0	627	686	543	567
37	desſelben	O	O	-	0	712	804	543	566
38	Ordens	O	O	-	0	831	918	543	563
39	:	O	O	-	0	831	918	543	563
40	dem	O	O	-	0	956	996	542	562
41	Generalleutnant	O	O	-	0	1029	1194	543	563
42	von	B-PER	O	Q1991584	0	629	672	573	589
43	Puttkamer	I-PER	O	Q1991584	0	685	824	568	591
44	,	O	O	-	0	685	824	568	591
45	Kommandanten	O	O	-	0	838	997	567	588
46	der	O	O	-	0	1010	1041	569	588
47	Feſtung	O	O	-	0	1054	1131	567	591
48	Metz	B-LOC	O	Q22690	0	1140	1194	567	590
49	;	O	O	-	0	1140	1194	567	590
50	des	O	O	-	0	629	662	595	614
51	Komturkreuzes	O	O	-	0	674	823	594	616
52	zweiter	O	O	-	0	837	905	593	616
53	Klaſſe	O	O	-	0	919	978	592	615
54	mit	O	O	-	0	992	1024	594	612
55	Schwertern	O	O	-	0	1038	1151	592	616
56	am	O	O	-	0	1165	1194	597	613
57	Ringe	O	O	-	0	629	688	619	642
58	desſelben	O	O	-	0	702	792	618	641
59	Ordens	O	O	-	0	799	885	618	639
60	:	O	O	-	0	799	885	618	639
61	dem	O	O	-	0	898	939	618	638
62	Oberſten	O	O	-	0	949	1036	618	641
63	von	B-PER	O	Q102267	0	1049	1090	621	637
64	Falkenhayn	I-PER	O	Q102267	0	1100	1195	617	641
65	,	O	O	-	0	629	696	644	667
66	Chef	O	O	-	0	710	753	643	667
67	des	O	O	-	0	767	799	644	663
68	Generalſtabes	O	O	-	0	809	951	642	665
69	des	O	O	-	0	965	997	644	663
70	XVI.	O	O	-	0	1010	1057	643	662
71	Armeekorps	O	O	-	0	1067	1194	641	665
72	:	O	O	-	0	1067	1194	641	665
73	des	O	O	-	0	630	663	669	689
74	Komturkreuzes	O	O	-	0	676	823	668	691
75	zweiter	O	O	-	0	844	914	668	691
76	Klaſſe	O	O	-	0	926	986	668	690
77	desſelben	O	O	-	0	1005	1096	664	690
78	Ordens	O	O	-	0	1110	1195	667	687
79	:	O	O	-	0	1110	1195	667	687
80	dem	O	O	-	0	630	669	694	714
81	Generalarzt	O	O	-	0	683	802	693	716
82	a.	O	O	-	0	816	833	699	713
83	D.	O	O	-	0	841	867	693	713
84	Dr.	O	O	-	0	881	914	694	714
85	Lindemann	B-PER	O	Q1793806	0	927	1064	693	713
86	,	O	O	-	0	927	1064	693	713
87	bisherigem	O	O	-	0	1068	1195	692	716
88	Korpsarzt	O	O	-	0	630	732	719	742
89	des	O	O	-	0	744	777	718	739
90	XVI.	O	O	-	0	791	839	718	738
91	Armeekorps	O	O	-	0	852	979	718	742
92	;	O	O	-	0	852	979	718	742
93	des	O	O	-	0	1000	1031	718	737
94	Offizierkreuzes	O	O	-	0	1047	1195	716	741
95	desſelben	O	O	-	0	632	723	744	767
96	Ordens	O	O	-	0	736	821	744	764
97	:	O	O	-	0	736	821	744	764
98	dem	O	O	-	0	840	879	743	764
99	Oberſtleutnant	O	O	-	0	893	1041	743	765
100	Wolff	B-PER	O	Q120947	0	1055	1136	742	765
101	,	O	O	-	0	1055	1136	742	765
102	Chef	O	O	-	0	1151	1196	742	765
103	des	O	O	-	0	632	665	770	789
104	Generalſtabes	O	O	-	0	686	827	769	791
105	des	O	O	-	0	853	886	769	788
106	Gouvernements	O	O	-	0	908	1066	769	788
107	Metz	B-LOC	O	Q22690	0	1088	1143	767	791
108	;	O	O	-	0	1088	1143	767	791
109	des	O	O	-	0	1164	1196	767	787
110	Ritterkreuzes	O	O	-	0	632	764	795	817
111	erſter	O	O	-	0	795	847	794	816
112	Klaſſe	O	O	-	0	872	931	793	816
113	mit	O	O	-	0	957	989	793	812
114	der	O	O	-	0	1014	1045	793	812
115	Krone	O	O	-	0	1069	1129	792	812
116	desſelben	O	O	-	0	1155	1197	792	812
117	Ordens	O	O	-	0	725	812	819	839
118	:	O	O	-	0	725	812	819	839
119	dem	O	O	-	0	849	889	819	838
120	Major	O	O	-	0	925	989	818	841
121	Spennemann	B-PER	O	-	0	1026	1196	817	840
122	,	O	O	-	0	1026	1196	817	840
123	Adjutanten	O	O	-	0	633	745	845	868
124	des	O	O	-	0	781	814	844	864
125	Generalkommandos	O	O	-	0	849	1047	842	864
126	des	O	O	-	0	1082	1115	842	862
127	XVI.	O	O	-	0	1148	1197	843	863
128	Armeekorps	O	O	-	0	633	763	870	892
129	,	O	O	-	0	633	763	870	892
130	und	O	O	-	0	789	826	869	889
131	dem	O	O	-	0	852	891	870	889
132	evangeliſchen	O	O	-	0	916	1045	868	891
133	Militäroberpfarrer	O	O	-	0	1071	1198	867	886
134	Friedrich	B-PER	O	-	0	716	826	894	917
135	bei	O	O	-	0	848	876	894	914
136	demſelben	O	O	-	0	891	988	893	915
137	Generalkommando	O	O	-	0	1001	1197	893	916
138	;	O	O	-	0	1001	1197	893	916
139	des	O	O	-	0	634	666	920	939
140	Ritterkreuzes	O	O	-	0	681	811	920	942
141	zweiter	O	O	-	0	832	900	919	942
142	Klaſſe	O	O	-	0	913	972	918	940
143	mit	O	O	-	0	991	1024	918	937
144	Eichenlaub	O	O	-	0	1037	1145	917	939
145	des	O	O	-	0	1166	1198	919	937
146	Großherzoglich	O	O	-	0	634	784	944	968
147	Badiſchen	O	O	-	0	809	907	944	966
148	Ordens	O	O	-	0	932	1009	943	963
149	vom	O	O	-	0	1035	1076	947	961
150	Zähringer	O	O	-	0	1096	1197	942	966
151	Löwen	O	O	-	0	634	710	970	990
152	:	O	O	-	0	634	710	970	990
153	dem	O	O	-	0	723	756	970	989
154	Rittmeiſter	O	O	-	0	756	884	969	991
155	Freiherrn	B-PER	O	Q15438272	0	896	993	968	991
156	von	I-PER	O	Q15438272	0	1012	1055	970	987
157	Eſebeck	I-PER	O	Q15438272	0	1068	1155	967	990
158	im	O	O	-	0	1174	1198	968	987
159	1.	O	O	-	0	636	652	996	1014
160	Brandenburgiſchen	O	O	-	0	678	868	994	1017
161	Dragonerregiment	O	O	-	0	899	1084	993	1017
162	Nr.	O	O	-	0	1116	1149	992	1012
163	2.	O	O	-	0	1181	1197	993	1016
164	kommandiert	O	O	-	0	635	763	1020	1040
165	zur	O	O	-	0	777	807	1024	1042
166	Dienſtleiſtung	O	O	-	0	821	960	1018	1042
167	im	O	O	-	0	979	1005	1018	1038
168	Königlichen	O	O	-	0	1017	1133	1017	1041
169	Marſtall	O	O	-	0	1145	1199	1017	1038
170	;	O	O	-	0	634	683	1045	1068
171	ferner	O	O	-	0	690	758	1045	1067
172	:	O	O	-	0	690	758	1045	1067
173	des	O	O	-	0	765	797	1045	1064
174	Ritterkreuzes	O	O	-	0	805	936	1044	1066
175	erſter	O	O	-	0	944	995	1043	1066
176	Klaſſe	O	O	-	0	1001	1060	1043	1065
177	des	O	O	-	0	1068	1100	1043	1062
178	Königlich	O	O	-	0	1108	1199	1043	1066
179	Schwediſchen	O	O	-	0	637	767	1070	1092
180	Schwertordens	O	O	-	0	787	946	1069	1092
181	:	O	O	-	0	787	946	1069	1092
182	dem	O	O	-	0	968	1005	1068	1087
183	Major	O	O	-	0	1026	1091	1067	1090
184	von	O	O	-	0	1114	1150	1071	1087
185	der	O	O	-	0	1169	1199	1068	1087
186	Armee	O	O	-	0	636	699	1095	1115
187	Freiherrn	B-PER	O	Q28844068	0	712	808	1094	1118
188	von	I-PER	O	Q28844068	0	823	865	1097	1113
189	Holzing⸗Berſtett	I-PER	O	Q28844068	0	878	1096	1092	1117
190	:	O	O	-	0	878	1096	1092	1117
191	kommandiert	O	O	-	0	1110	1199	1093	1113
192	zur	O	O	-	0	694	725	1125	1143
193	Dienſtleiſtung	O	O	-	0	733	871	1119	1142
194	im	O	O	-	0	885	908	1119	1138
195	Königlichen	O	O	-	0	916	1029	1118	1142
196	Marſtall	O	O	-	0	1043	1138	1117	1140
197	:	O	O	-	0	1043	1138	1117	1140
198	ſowie	O	O	-	0	1146	1199	1117	1141
199	des	O	O	-	0	637	669	1147	1164
200	Ritterkreuzes	O	O	-	0	683	814	1145	1167
201	erſter	O	O	-	0	827	879	1144	1166
202	Klaſſe	O	O	-	0	891	950	1143	1166
203	des	O	O	-	0	963	996	1143	1162
204	Königlich	O	O	-	0	1009	1101	1143	1166
205	Schwediſchen	O	O	-	0	1109	1200	1143	1165
206	Waſaordens	O	O	-	0	702	836	1170	1192
207	:	O	O	-	0	702	836	1170	1192
208	dem	O	O	-	0	855	895	1169	1188
209	Bureauvorſteher	O	O	-	0	914	1079	1168	1191
210	und	O	O	-	0	1098	1136	1167	1187
211	Hofſtaatsſekretär	O	O	-	0	1155	1200	1167	1191
212	im	O	O	-	0	793	819	1194	1214
213	Obermarſtallamt	O	O	-	0	843	1019	1193	1217
214	,	O	O	-	0	843	1019	1193	1217
215	Hofrat	O	O	-	0	1045	1113	1192	1216
216	Wasmund	B-PER	O	-	0	1134	1200	1192	1213
217	.	O	O	-	0	636	707	1220	1240
0		O	O	-	0	662	701	1246	1265
1	Der	O	O	-	0	662	701	1246	1265
2	König	O	O	-	0	713	772	1244	1268
3	hat	O	O	-	0	786	818	1244	1267
4	den	O	O	-	0	837	871	1243	1264
5	Oberſtleutnant	O	O	-	0	882	1033	1243	1267
6	und	O	O	-	0	1052	1089	1243	1263
7	Kommandeur	O	O	-	0	1102	1200	1242	1262
8	des	O	O	-	0	702	735	1270	1290
9	Leibdragonerregiments	O	O	-	0	756	989	1269	1293
10	(	O	O	-	0	1011	1036	1269	1292
11	2.	O	O	-	0	1011	1036	1269	1292
12	Großherzoglich	O	O	-	0	1051	1199	1267	1292
13	Heſſiſchen	O	O	-	0	637	739	1295	1318
14	Nr.	O	O	-	0	765	798	1295	1315
15	24	O	O	-	0	814	838	1295	1314
16	Karl	B-PER	O	-	0	863	909	1294	1314
17	Georg	B-PER	O	Q1587758	0	931	992	1294	1317
18	Hartwig	I-PER	O	Q1587758	0	1018	1102	1293	1317
19	Richard	B-PER	O	-	0	1124	1199	1293	1316
20	Jlſemann	I-PER	O	-	0	637	739	1320	1344
21	in	O	O	-	0	743	775	1320	1339
22	den	O	O	-	0	777	822	1319	1339
23	erblichen	O	O	-	0	823	933	1319	1342
24	Adelſtand	O	O	-	0	947	1043	1318	1341
25	erhoben	O	O	-	0	1057	1138	1318	1341
26	.	O	O	-	0	1057	1138	1318	1341
0		O	O	-	0	662	701	1346	1365
1	Der	O	O	-	0	662	701	1346	1365
2	bisherige	O	O	-	0	726	816	1345	1368
3	Landmeſſer	O	O	-	0	837	949	1344	1367
4	Otto	B-PER	O	-	0	971	1017	1344	1365
5	Feinholtz	I-PER	O	-	0	1043	1156	1344	1367
6	in	O	O	-	0	1181	1201	1343	1363
7	Danzig	B-LOC	O	Q1792	0	638	711	1370	1393
8	iſt	O	O	-	0	731	751	1370	1393
9	zum	O	O	-	0	770	810	1375	1393
10	Königlichen	O	O	-	0	822	937	1369	1393
11	Oberlandmeſſer	O	O	-	0	950	1107	1368	1393
12	ernaunt	O	O	-	0	1123	1201	1370	1388
13	worden	O	O	-	0	637	716	1395	1416
14	.	O	O	-	0	637	716	1395	1416
0		O	O	-	0	732	889	1471	1507
1	Politiſche	O	O	-	0	732	889	1471	1507
2	Nachrichten	O	O	-	0	905	1104	1470	1507
3	.	O	O	-	0	905	1104	1470	1507
0		O	O	-	0	769	855	1514	1536
1	Berlin	I-LOC	O	Q64	0	769	855	1514	1536
2	,	O	O	-	0	769	855	1514	1536
3	den	O	O	-	0	870	902	1515	1535
4	22.	O	O	-	0	916	946	1515	1535
5	September	O	O	-	0	960	1072	1514	1537
6	.	O	O	-	0	960	1072	1514	1537
0		O	O	-	0	662	686	1556	1561
1	—	O	O	-	0	662	686	1556	1561
0		O	O		0	699	746	1546	1566
1	Aus	O	O	-	0	699	746	1546	1566
2	Straßburg	B-LOC	O	Q6602	0	761	877	1546	1570
3	wird	O	O	-	0	881	942	1547	1570
4	berichtet	O	O	-	0	943	1059	1545	1568
5	:	O	O	-	0	943	1059	1545	1568
6	Die	O	O	-	0	1085	1121	1544	1565
7	Preſſe	O	O	-	0	1141	1201	1544	1568
8	unſeres	O	O	-	0	637	710	1571	1594
9	Landes	O	O	-	0	718	779	1571	1591
10	beſchäftigt	O	O	-	0	782	905	1571	1594
11	ſich	O	O	-	0	918	948	1571	1594
12	fortgeſetzt	O	O	-	0	963	1057	1571	1594
13	noch	O	O	-	0	1070	1111	1570	1592
14	mit	O	O	-	0	1126	1159	1570	1590
15	der	O	O	-	0	1171	1201	1570	1589
16	Kaiſerreiſe	O	O	-	0	637	779	1596	1619
17	,	O	O	-	0	637	779	1596	1619
18	namentlich	O	O	-	0	793	898	1596	1619
19	mit	O	O	-	0	913	946	1597	1616
20	deren	O	O	-	0	958	1012	1596	1617
21	leztem	O	O	-	0	1026	1089	1596	1619
22	Teil	O	O	-	0	1103	1150	1595	1619
23	,	O	O	-	0	1103	1150	1595	1619
24	der	O	O	-	0	1171	1201	1596	1615
25	Fahrt	O	O	-	0	637	696	1621	1645
26	ins	O	O	-	0	709	741	1621	1642
27	Ober⸗Elſaß	B-LOC	O	Q14083890	0	753	874	1621	1645
28	.	O	O	-	0	753	874	1621	1645
0		O	O	-	0	900	928	1619	1642
1	Es	O	O	-	0	900	928	1619	1642
2	iſt	O	O	-	0	948	969	1621	1643
3	hier	O	O	-	0	987	1025	1621	1645
4	ganz	O	O	-	0	1044	1091	1626	1645
5	beſonders	O	O	-	0	1106	1201	1620	1644
6	bemerkt	O	O	-	0	637	711	1647	1667
7	worden	O	O	-	0	725	802	1647	1669
8	,	O	O	-	0	725	802	1647	1669
9	daß	O	O	-	0	823	858	1647	1669
10	der	O	O	-	0	879	910	1647	1666
11	Kaiſer	O	O	-	0	929	991	1646	1668
12	dabei	O	O	-	0	1012	1064	1646	1666
13	ſtändig	O	O	-	0	1077	1146	1646	1669
14	vom	O	O	-	0	1161	1201	1649	1665
15	Unterſtaatsſekretär	O	O	-	0	638	825	1672	1695
16	Frhrn.	O	O	-	0	846	912	1671	1695
17	Zorn	B-PER	O	-	0	932	984	1672	1695
18	v.	I-PER	O	-	0	999	1016	1674	1691
19	Bulach	I-PER	O	-	0	1030	1099	1670	1694
20	begleitet	O	O	-	0	1121	1202	1670	1695
21	war	O	O	-	0	638	682	1701	1717
22	.	O	O	-	0	638	682	1701	1717
0		O	O	-	0	702	792	1697	1720
1	Zwanglos	O	O	-	0	702	792	1697	1720
2	erklärt	O	O	-	0	794	883	1697	1717
3	ſich	O	O	-	0	896	926	1696	1719
4	dieſe	O	O	-	0	940	984	1696	1719
5	Erſcheinung	O	O	-	0	993	1110	1696	1720
6	daraus	O	O	-	0	1124	1201	1697	1719
7	,	O	O	-	0	1124	1201	1697	1719
8	daß	O	O	-	0	637	674	1722	1744
9	Staatsſekretär	O	O	-	0	687	833	1722	1744
10	v.	B-PER	O	-	0	847	863	1725	1742
11	Köller	B-PER	O	-	0	876	937	1722	1742
12	leidend	O	O	-	0	951	1020	1722	1742
13	iſt	O	O	-	0	1034	1054	1722	1744
14	und	O	O	-	0	1073	1110	1722	1742
15	ſich	O	O	-	0	1127	1157	1721	1744
16	mit	O	O	-	0	1170	1202	1721	1740
17	Rückſicht	O	O	-	0	638	722	1747	1770
18	darauf	O	O	-	0	743	810	1747	1770
19	und	O	O	-	0	831	868	1747	1767
20	ſeinen	O	O	-	0	890	949	1747	1770
21	demnächſt	O	O	-	0	970	1066	1747	1768
22	erfolgenden	O	O	-	0	1089	1202	1746	1770
23	Rücktritt	O	O	-	0	638	724	1772	1792
24	den	O	O	-	0	742	775	1772	1792
25	repräſentativen	O	O	-	0	795	948	1772	1794
26	Verpflichtungen	O	O	-	0	967	1123	1771	1794
27	ſeines	O	O	-	0	1145	1202	1771	1794
28	Amtes	O	O	-	0	638	702	1796	1816
29	gern	O	O	-	0	709	751	1802	1819
30	entzogen	O	O	-	0	760	844	1798	1819
31	haben	O	O	-	0	852	909	1796	1819
32	wird	O	O	-	0	917	968	1796	1817
33	.	O	O	-	0	917	968	1796	1817
0		O	O	-	0	978	1013	1796	1817
1	Die	O	O	-	0	978	1013	1796	1817
2	Tatſache	O	O	-	0	1019	1103	1796	1819
3	aber	O	O	-	0	1111	1159	1796	1819
4	,	O	O	-	0	1111	1159	1796	1819
5	daß	O	O	-	0	1168	1202	1796	1817
6	ſchon	O	O	-	0	638	687	1822	1845
7	38	O	O	-	0	700	723	1822	1842
8	Jahre	O	O	-	0	737	795	1822	1845
9	nach	O	O	-	0	809	850	1822	1845
10	der	O	O	-	0	865	896	1822	1842
11	Annexion	O	O	-	0	908	1003	1822	1845
12	ein	O	O	-	0	1017	1044	1822	1842
13	ſo	O	O	-	0	1061	1079	1821	1845
14	vertrautes	O	O	-	0	1100	1202	1822	1841
15	Verhältnis	O	O	-	0	637	746	1847	1870
16	zwiſchen	O	O	-	0	772	853	1847	1870
17	dem	O	O	-	0	879	917	1847	1866
18	Sproß	O	O	-	0	940	992	1847	1869
19	eines	O	O	-	0	995	1075	1847	1869
20	elſäſſiſchen	O	O	-	0	1098	1201	1846	1870
21	Adelsgeſchlechts	O	O	-	0	637	795	1871	1895
22	und	O	O	-	0	809	847	1872	1892
23	dem	O	O	-	0	864	903	1872	1892
24	Kaiſer	O	O	-	0	921	984	1871	1895
25	möglich	O	O	-	0	1003	1077	1872	1895
26	iſt	O	O	-	0	1099	1124	1871	1895
27	,	O	O	-	0	1099	1124	1871	1895
28	bildet	O	O	-	0	1148	1203	1871	1892
29	eine	O	O	-	0	637	675	1897	1916
30	bemerkenswerte	O	O	-	0	689	844	1897	1917
31	Erſcheinung	O	O	-	0	858	982	1896	1920
32	.	O	O	-	0	858	982	1896	1920
0		O	O	-	0	1009	1040	1897	1917
1	Das	O	O	-	0	1009	1040	1897	1917
2	iſt	O	O	-	0	1043	1087	1896	1920
3	nicht	O	O	-	0	1101	1146	1896	1920
4	mehr	O	O	-	0	1153	1201	1896	1919
5	das	O	O	-	0	637	673	1922	1941
6	kühle	O	O	-	0	686	741	1922	1945
7	,	O	O	-	0	686	741	1922	1945
8	mehr	O	O	-	0	755	803	1922	1945
9	auf	O	O	-	0	817	849	1922	1945
10	Achtung	O	O	-	0	868	949	1922	1945
11	beruhende	O	O	-	0	968	1068	1922	1945
12	Verhältnis	O	O	-	0	1086	1201	1922	1945
13	,	O	O	-	0	1086	1201	1922	1945
14	wie	O	O	-	0	637	669	1947	1967
15	es	O	O	-	0	683	704	1950	1966
16	bisher	O	O	-	0	717	779	1947	1970
17	zu	O	O	-	0	791	813	1952	1970
18	Männern	O	O	-	0	826	926	1947	1970
19	,	O	O	-	0	826	926	1947	1970
20	wie	O	O	-	0	941	974	1947	1967
21	dem	O	O	-	0	982	1021	1947	1967
22	eben	O	O	-	0	1029	1064	1947	1967
23	verſtorbenen	O	O	-	0	1066	1201	1947	1969
24	ehemaligen	O	O	-	0	637	746	1971	1995
25	Landesausſchußpräſidenten	O	O	-	0	758	1034	1972	1995
26	Dr.	O	O	-	0	1048	1081	1973	1992
27	v.	B-PER	O	-	0	1091	1108	1976	1992
28	Schlumberger	I-PER	O	-	0	1119	1202	1972	1994
29	beſtanden	O	O	-	0	711	805	1997	2020
30	hat	O	O	-	0	817	858	1997	2020
31	;	O	O	-	0	817	858	1997	2020
32	die	O	O	-	0	877	905	1997	2017
33	Beziehungen	O	O	-	0	925	1053	1997	2020
34	des	O	O	-	0	1073	1106	1997	2018
35	Kaiſers	O	O	-	0	1124	1199	1997	2020
36	zu	O	O	-	0	636	658	2027	2045
37	Herrn	O	O	-	0	670	730	2022	2045
38	v.	B-PER	O	-	0	743	760	2025	2043
39	Bulach	I-PER	O	-	0	774	843	2022	2045
40	ſind	O	O	-	0	857	895	2022	2045
41	offenbar	O	O	-	0	903	985	2022	2044
42	einen	O	O	-	0	998	1050	2022	2042
43	Grad	O	O	-	0	1058	1110	2022	2042
44	wärmer	O	O	-	0	1120	1201	2022	2045
45	,	O	O	-	0	1120	1201	2022	2045
46	vertrauter	O	O	-	0	637	744	2048	2067
47	.	O	O	-	0	637	744	2048	2067
0		O	O	-	0	770	805	2047	2067
1	Sie	O	O	-	0	770	805	2047	2067
2	legen	O	O	-	0	831	882	2047	2070
3	Beweis	O	O	-	0	907	983	2047	2067
4	ab	O	O	-	0	1006	1029	2047	2067
5	von	O	O	-	0	1051	1073	2050	2067
6	der	O	O	-	0	1075	1127	2047	2067
7	fortſchreitenden	O	O	-	0	1129	1201	2046	2069
8	Entwicklung	O	O	-	0	760	882	2072	2095
9	unſerer	O	O	-	0	889	960	2072	2093
10	politiſchen	O	O	-	0	968	1068	2072	2095
11	Verhältniſſe	O	O	-	0	1075	1201	2072	2095
12	.	O	O	-	0	1075	1201	2072	2095
0		O	O	-	0	637	687	2097	2121
1	Sehr	O	O	-	0	637	687	2097	2121
2	gefallen	O	O	-	0	701	778	2097	2121
3	hat	O	O	-	0	791	823	2097	2121
4	es	O	O	-	0	836	856	2100	2117
5	den	O	O	-	0	870	903	2097	2117
6	Elſäſſern	O	O	-	0	917	1012	2097	2121
7	,	O	O	-	0	917	1012	2097	2121
8	daß	O	O	-	0	1033	1069	2097	2121
9	der	O	O	-	0	1089	1119	2097	2117
10	Kaiſer	O	O	-	0	1140	1202	2097	2119
11	in	O	O	-	0	635	655	2123	2142
12	Kolmar	B-LOC	O	-	0	674	749	2122	2142
13	auf	O	O	-	0	771	804	2122	2144
14	dem	O	O	-	0	828	868	2122	2142
15	Bürgermeiſteramt	O	O	-	0	893	1074	2122	2146
16	war	O	O	-	0	1100	1139	2126	2142
17	und	O	O	-	0	1165	1201	2123	2142
18	vom	O	O	-	0	635	677	2151	2167
19	Bürgermeiſter	O	O	-	0	690	831	2146	2171
20	empfangen	O	O	-	0	844	951	2147	2171
21	worden	O	O	-	0	970	1044	2148	2167
22	iſt	O	O	-	0	1064	1089	2147	2171
23	,	O	O	-	0	1064	1089	2147	2171
24	wo	O	O	-	0	1113	1152	2151	2167
25	die	O	O	-	0	1174	1201	2147	2167
26	höhern	O	O	-	0	634	702	2172	2195
27	Beamten	O	O	-	0	728	818	2172	2193
28	nicht	O	O	-	0	843	889	2173	2195
29	die	O	O	-	0	914	942	2172	2192
30	erſte	O	O	-	0	968	1009	2172	2195
31	Rolle	O	O	-	0	1031	1084	2172	2192
32	ſpielten	O	O	-	0	1109	1201	2163	2195
33	“	O	O	-	0	1109	1201	2163	2195
34	.	O	O	-	0	1109	1201	2163	2195
0		O	O	-	0	634	683	2197	2217
1	Man	O	O	-	0	634	683	2197	2217
2	will	O	O	-	0	709	747	2198	2217
3	darin	O	O	-	0	773	826	2198	2217
4	einen	O	O	-	0	848	900	2198	2217
5	weitern	O	O	-	0	921	994	2197	2217
6	Beweis	O	O	-	0	1016	1091	2197	2217
7	der	O	O	-	0	1113	1143	2198	2217
8	Bemühungen	O	O	-	0	1166	1202	2198	2217
9	des	O	O	-	0	753	786	2222	2242
10	Kaiſerlichen	O	O	-	0	798	915	2222	2246
11	Statthalters	O	O	-	0	930	1057	2222	2246
12	ſehen	O	O	-	0	1077	1132	2222	2246
13	,	O	O	-	0	1077	1132	2222	2246
14	ſelbſt	O	O	-	0	1152	1201	2222	2246
15	in	O	O	-	0	633	654	2248	2267
16	Berührung	O	O	-	0	667	777	2248	2271
17	mit	O	O	-	0	797	830	2248	2268
18	der	O	O	-	0	849	879	2248	2268
19	einheimiſchen	O	O	-	0	896	1026	2247	2271
20	Bevölkerung	O	O	-	0	1039	1167	2247	2271
21	zu	O	O	-	0	1180	1201	2253	2271
22	treten	O	O	-	0	633	695	2274	2296
23	,	O	O	-	0	633	695	2274	2296
24	während	O	O	-	0	709	794	2272	2296
25	man	O	O	-	0	808	851	2277	2293
26	früher	O	O	-	0	864	926	2272	2296
27	eine	O	O	-	0	939	977	2272	2293
28	Art	O	O	-	0	986	1123	2272	2296
29	chineſiſche	O	O	-	0	986	1123	2272	2296
30	Mauer	O	O	-	0	1134	1201	2272	2293
31	zwiſchen	O	O	-	0	633	713	2298	2320
32	dem	O	O	-	0	728	765	2298	2317
33	Kaiſer	O	O	-	0	778	840	2297	2320
34	und	O	O	-	0	852	890	2298	2317
35	dem	O	O	-	0	903	936	2298	2317
36	elſäſſiſchen	O	O	-	0	937	1059	2297	2320
37	Volk	O	O	-	0	1073	1120	2298	2317
38	zu	O	O	-	0	1139	1162	2303	2320
39	errichten	O	O	-	0	1174	1201	2303	2317
40	beſtrebt	O	O	-	0	718	791	2323	2345
41	geweſen	O	O	-	0	812	891	2323	2346
42	ſei	O	O	-	0	910	937	2322	2346
43	.	O	O	-	0	910	937	2322	2346
0		O	O	-	0	968	1007	2323	2342
1	Der	O	O	-	0	968	1007	2323	2342
2	Wahrheit	O	O	-	0	1027	1122	2322	2346
3	dürfte	O	O	-	0	1142	1200	2322	2345
4	vielleicht	O	O	-	0	632	716	2347	2370
5	die	O	O	-	0	730	756	2348	2368
6	Anſicht	O	O	-	0	770	838	2347	2370
7	näher	O	O	-	0	851	907	2348	2370
8	kommen	O	O	-	0	921	1005	2348	2370
9	,	O	O	-	0	921	1005	2348	2370
10	daß	O	O	-	0	1027	1063	2347	2370
11	die	O	O	-	0	1083	1101	2348	2367
12	Elſäſſer	O	O	-	0	1103	1200	2347	2370
13	den	O	O	-	0	632	665	2373	2392
14	Wunſch	O	O	-	0	679	759	2373	2396
15	,	O	O	-	0	679	759	2373	2396
16	mit	O	O	-	0	772	805	2373	2392
17	dem	O	O	-	0	819	857	2373	2393
18	Vertreter	O	O	-	0	870	962	2373	2393
19	des	O	O	-	0	975	1007	2373	2392
20	Deutſchen	O	O	-	0	1015	1113	2372	2396
21	Reiches	O	O	-	0	1127	1199	2373	2394
22	in	O	O	-	0	631	651	2398	2417
23	nähere	O	O	-	0	672	737	2398	2421
24	perſönliche	O	O	-	0	756	861	2398	2421
25	Fühlung	O	O	-	0	882	969	2398	2421
26	zu	O	O	-	0	991	1012	2403	2421
27	kommen	O	O	-	0	1033	1116	2398	2421
28	,	O	O	-	0	1033	1116	2398	2421
29	früher	O	O	-	0	1139	1199	2398	2421
30	noch	O	O	-	0	631	673	2423	2445
31	nicht	O	O	-	0	694	739	2423	2446
32	ſo	O	O	-	0	761	779	2423	2446
33	ſtark	O	O	-	0	800	845	2423	2446
34	äußerten	O	O	-	0	865	956	2423	2446
35	,	O	O	-	0	865	956	2423	2446
36	ſondern	O	O	-	0	978	1055	2422	2446
37	ſich	O	O	-	0	1074	1104	2422	2446
38	mehr	O	O	-	0	1119	1168	2422	2445
39	in	O	O	-	0	1181	1199	2423	2443
40	einer	O	O	-	0	631	679	2448	2468
41	zurückhaltenden	O	O	-	0	693	848	2448	2471
42	oder	O	O	-	0	869	910	2448	2468
43	gar	O	O	-	0	930	964	2453	2471
44	ablehnenden	O	O	-	0	979	1101	2447	2471
45	Haltung	O	O	-	0	1115	1198	2447	2471
46	gefielen	O	O	-	0	631	711	2473	2496
47	.	O	O	-	0	631	711	2473	2496
0		O	O	-	0	737	765	2473	2493
1	Es	O	O	-	0	737	765	2473	2493
2	war	O	O	-	0	784	823	2478	2494
3	daher	O	O	-	0	843	898	2473	2496
4	früher	O	O	-	0	914	975	2473	2496
5	auch	O	O	-	0	989	1030	2473	2496
6	kein	O	O	-	0	1045	1081	2473	2492
7	Anlaß	O	O	-	0	1095	1163	2473	2496
8	,	O	O	-	0	1095	1163	2473	2496
9	ſie	O	O	-	0	1177	1198	2473	2496
10	mit	O	O	-	0	630	662	2499	2518
11	einer	O	O	-	0	676	723	2499	2518
12	Mauer	O	O	-	0	736	804	2499	2518
13	abzuſchließen	O	O	-	0	818	953	2498	2521
14	,	O	O	-	0	818	953	2498	2521
15	da	O	O	-	0	968	991	2499	2517
16	ſie	O	O	-	0	1004	1026	2497	2521
17	ſelbſt	O	O	-	0	1040	1087	2497	2521
18	nicht	O	O	-	0	1102	1146	2498	2521
19	aus	O	O	-	0	1162	1198	2500	2518
20	dem	O	O	-	0	630	669	2523	2543
21	Hauſe	O	O	-	0	682	741	2523	2545
22	herausgingen	O	O	-	0	761	902	2523	2546
23	.	O	O	-	0	761	902	2523	2546
0		O	O	-	0	932	992	2524	2543
1	Wenn	O	O	-	0	932	992	2524	2543
2	die	O	O	-	0	1014	1041	2523	2543
3	Elſäſſer	O	O	-	0	1063	1140	2522	2546
4	jetzt	O	O	-	0	1162	1198	2523	2546
5	den	O	O	-	0	629	663	2548	2568
6	Wunſch	O	O	-	0	676	751	2548	2571
7	haben	O	O	-	0	765	822	2548	2571
8	ſollten	O	O	-	0	840	907	2546	2571
9	,	O	O	-	0	840	907	2546	2571
10	dies	O	O	-	0	930	970	2548	2568
11	zu	O	O	-	0	989	1011	2553	2571
12	ändern	O	O	-	0	1031	1104	2548	2571
13	,	O	O	-	0	1031	1104	2548	2571
14	worauf	O	O	-	0	1126	1198	2548	2571
15	jene	O	O	-	0	628	667	2573	2601
16	Preßäußerungen	O	O	-	0	681	840	2573	2597
17	ſchließen	O	O	-	0	842	944	2573	2597
18	laſſen	O	O	-	0	959	1019	2572	2597
19	,	O	O	-	0	959	1019	2572	2597
20	ſo	O	O	-	0	1033	1052	2573	2597
21	kann	O	O	-	0	1065	1111	2573	2592
22	das	O	O	-	0	1121	1157	2573	2592
23	als	O	O	-	0	1167	1197	2575	2592
24	ein	O	O	-	0	629	657	2604	2618
25	weiteres	O	O	-	0	679	760	2599	2618
26	erfreuliches	O	O	-	0	782	896	2598	2621
27	Ergebnis	O	O	-	0	921	1013	2598	2621
28	der	O	O	-	0	1041	1072	2598	2618
29	Kaiſerreiſe	O	O	-	0	1092	1197	2597	2621
30	betrachtet	O	O	-	0	627	719	2623	2644
31	werden	O	O	-	0	735	809	2624	2644
32	.	O	O	-	0	735	809	2624	2644
0		O	O	-	0	653	674	2684	2688
1	—	O	O	-	0	653	674	2684	2688
0		O	O		0	688	728	2674	2694
1	Der	O	O	-	0	688	728	2674	2694
2	mehrfach	O	O	-	0	747	833	2673	2697
3	erwähnte	O	O	-	0	853	945	2673	2696
4	Artikel	O	O	-	0	958	1026	2672	2693
5	der	O	O	-	0	1039	1071	2672	2692
6	„	O	O	-	0	1085	1195	2672	2697
7	Lippiſchen	B-ORG	O	Q1630942	0	1085	1195	2672	2697
8	Landeszeitung	I-ORG	O	Q1630942	0	626	784	2699	2723
9	“	O	O	-	0	626	784	2699	2723
10	„	O	O	-	0	798	856	2699	2723
11	Der	O	O	-	0	798	856	2699	2723
12	Kaiſer	O	O	-	0	872	953	2699	2722
13	und	O	O	-	0	974	1019	2698	2718
14	das	O	O	-	0	1035	1061	2697	2717
15	lippiſche	O	O	-	0	1066	1195	2699	2720
16	Fürſtenhaus	O	O	-	0	626	793	2723	2747
17	“	O	O	-	0	626	793	2723	2747
18	hat	O	O	-	0	816	847	2724	2747
19	in	O	O	-	0	868	886	2725	2744
20	der	O	O	-	0	903	934	2724	2744
21	Bevölkerung	O	O	-	0	947	1074	2723	2746
22	des	O	O	-	0	1088	1121	2723	2743
23	Kleinſtaates	O	O	-	0	1134	1196	2724	2743
24	großes	O	O	-	0	715	781	2749	2772
25	Aufſehen	O	O	-	0	802	891	2748	2772
26	hervorgerufen	O	O	-	0	919	1066	2748	2772
27	.	O	O	-	0	919	1066	2748	2772
0		O	O	-	0	1101	1131	2748	2770
1	Jn	O	O	-	0	1101	1131	2748	2770
2	dem	O	O	-	0	1157	1194	2749	2767
3	lippiſchen	O	O	-	0	625	716	2774	2797
4	Blatt	O	O	-	0	737	791	2774	2794
5	wird	O	O	-	0	813	859	2774	2794
6	einer	O	O	-	0	881	929	2774	2793
7	Reihe	O	O	-	0	947	1003	2774	2797
8	von	O	O	-	0	1022	1059	2776	2793
9	angeblichen	O	O	-	0	1082	1194	2774	2796
10	Unfreundlichkeiten	O	O	-	0	624	804	2799	2821
11	des	O	O	-	0	818	851	2800	2819
12	Kaiſers	O	O	-	0	864	938	2798	2821
13	Erwähnung	O	O	-	0	952	1073	2798	2821
14	getan	O	O	-	0	1088	1148	2802	2821
15	,	O	O	-	0	1088	1148	2802	2821
16	die	O	O	-	0	1169	1194	2799	2817
17	ſich	O	O	-	0	623	653	2824	2846
18	auch	O	O	-	0	667	708	2824	2846
19	noch	O	O	-	0	721	763	2825	2846
20	nach	O	O	-	0	777	819	2825	2846
21	der	O	O	-	0	833	863	2825	2844
22	Beendigung	O	O	-	0	876	998	2824	2846
23	des	O	O	-	0	1011	1045	2824	2843
24	Thronſtreites	O	O	-	0	1058	1194	2822	2846
25	gegen	O	O	-	0	623	679	2855	2872
26	die	O	O	-	0	700	728	2850	2869
27	Bieſterfelder	O	O	-	0	749	875	2849	2872
28	richteten	O	O	-	0	895	978	2850	2870
29	und	O	O	-	0	1000	1038	2849	2868
30	die	O	O	-	0	1060	1088	2848	2867
31	beweiſen	O	O	-	0	1109	1193	2848	2867
32	follen	O	O	-	0	623	683	2874	2897
33	,	O	O	-	0	623	683	2874	2897
34	daß	O	O	-	0	697	732	2874	2897
35	der	O	O	-	0	746	777	2874	2894
36	Kaiſer	O	O	-	0	783	845	2874	2897
37	die	O	O	-	0	858	885	2874	2894
38	Mißſtimmung	O	O	-	0	895	1035	2874	2897
39	über	O	O	-	0	1050	1093	2873	2893
40	den	O	O	-	0	1103	1136	2873	2893
41	Sieg	O	O	-	0	1146	1193	2872	2897
42	der	O	O	-	0	622	653	2900	2919
43	Bieſterfelder	O	O	-	0	666	790	2890	2922
44	in	O	O	-	0	812	831	2900	2919
45	dem	O	O	-	0	853	895	2899	2919
46	langen	O	O	-	0	909	976	2899	2922
47	Streit	O	O	-	0	990	1053	2898	2919
48	nicht	O	O	-	0	1075	1120	2898	2919
49	überwunden	O	O	-	0	1141	1192	2898	2917
50	hat	O	O	-	0	712	743	2926	2947
51	und	O	O	-	0	760	796	2924	2944
52	daß	O	O	-	0	810	833	2925	2944
53	er	O	O	-	0	836	868	2924	2947
54	ſich	O	O	-	0	870	921	2924	2947
55	in	O	O	-	0	935	954	2924	2944
56	ſeiner	O	O	-	0	968	1024	2923	2947
57	Haltung	O	O	-	0	1037	1122	2923	2947
58	Lippe	B-PER	O	-	0	1136	1192	2922	2945
59	gegenüber	O	O	-	0	620	721	2950	2972
60	von	O	O	-	0	740	776	2954	2969
61	dieſen	O	O	-	0	795	853	2949	2972
62	Stimmungen	O	O	-	0	867	986	2949	2972
63	ſtark	O	O	-	0	988	1055	2948	2972
64	leiten	O	O	-	0	1057	1132	2948	2968
65	läßt	O	O	-	0	1147	1192	2948	2970
66	.	O	O	-	0	1147	1192	2948	2970
0		O	O	-	0	619	749	2975	2998
1	Jnſonderheit	O	O	-	0	619	749	2975	2998
2	wird	O	O	-	0	763	808	2974	2994
3	eines	O	O	-	0	821	872	2975	2994
4	Vorfalles	O	O	-	0	885	982	2974	2996
5	Erwähnung	O	O	-	0	995	1103	2973	2997
6	getan	O	O	-	0	1106	1190	2975	2997
7	,	O	O	-	0	1106	1190	2975	2997
8	der	O	O	-	0	618	650	3000	3019
9	den	O	O	-	0	664	697	3001	3019
10	älteſten	O	O	-	0	711	784	2999	3021
11	Bruder	O	O	-	0	797	871	2999	3019
12	des	O	O	-	0	884	916	3000	3019
13	Fürſten	O	O	-	0	930	1007	2998	3022
14	betrifft	O	O	-	0	1021	1094	2998	3022
15	,	O	O	-	0	1021	1094	2998	3022
16	der	O	O	-	0	1113	1144	2998	3017
17	ſich	O	O	-	0	1161	1190	2998	3021
18	als	O	O	-	0	618	650	3026	3045
19	Rittmeiſter	O	O	-	0	663	773	3025	3046
20	in	O	O	-	0	787	805	3024	3044
21	dem	O	O	-	0	819	857	3024	3043
22	Kaſſeler	O	O	-	0	870	949	3024	3047
23	Huſaren⸗Regiment	O	O	-	0	962	1152	3024	3047
24	an	O	O	-	0	1166	1191	3028	3042
25	den	O	O	-	0	618	652	3052	3070
26	großen	O	O	-	0	666	734	3050	3073
27	Kavallerieübungen	O	O	-	0	746	937	3049	3072
28	in	O	O	-	0	951	970	3049	3068
29	der	O	O	-	0	978	1008	3049	3068
30	Senne	O	O	-	0	1018	1073	3048	3068
31	beteiligte	O	O	-	0	1075	1190	3047	3071
32	.	O	O	-	0	1075	1190	3047	3071
0		O	O	-	0	618	681	3075	3097
1	Dieſer	O	O	-	0	618	681	3075	3097
2	Prinz	O	O	-	0	707	764	3075	3097
3	hat	O	O	-	0	790	822	3074	3097
4	ſein	O	O	-	0	844	879	3074	3097
5	Abſchiedsgeſuch	O	O	-	0	901	1056	3073	3097
6	eingereicht	O	O	-	0	1080	1188	3073	3097
7	,	O	O	-	0	1080	1188	3073	3097
8	deſſen	O	O	-	0	616	674	3099	3122
9	Erledigung	O	O	-	0	688	807	3100	3122
10	,	O	O	-	0	688	807	3100	3122
11	obſchon	O	O	-	0	821	894	3098	3121
12	ſechs	O	O	-	0	907	954	3098	3122
13	Wochen	O	O	-	0	968	1045	3098	3121
14	ins	O	O	-	0	1059	1091	3098	3118
15	Land	O	O	-	0	1099	1152	3098	3119
16	gezogen	O	O	-	0	1160	1190	3103	3121
17	ſind	O	O	-	0	685	729	3125	3148
18	,	O	O	-	0	685	729	3125	3148
19	noch	O	O	-	0	743	785	3124	3147
20	ausſteht	O	O	-	0	799	886	3124	3147
21	.	O	O	-	0	799	886	3124	3147
0		O	O	-	0	912	949	3124	3143
1	Als	O	O	-	0	912	949	3124	3143
2	die	O	O	-	0	963	991	3124	3143
3	verſchiedenen	O	O	-	0	1007	1139	3122	3146
4	Regimenter	O	O	-	0	1153	1190	3122	3143
5	vor	O	O	-	0	716	750	3154	3169
6	dem	O	O	-	0	757	795	3150	3168
7	Kaiſer	O	O	-	0	802	865	3148	3172
8	vorbeidefilierten	O	O	-	0	872	1036	3148	3172
9	und	O	O	-	0	1043	1080	3148	3168
10	der	O	O	-	0	1089	1120	3149	3168
11	Kaiſer	O	O	-	0	1126	1189	3147	3170
12	nach	O	O	-	0	616	658	3176	3198
13	militäriſchem	O	O	-	0	672	802	3175	3198
14	Brauch	O	O	-	0	816	888	3173	3197
15	jeden	O	O	-	0	900	953	3173	3198
16	Führer	O	O	-	0	965	1038	3173	3198
17	begrüßte	O	O	-	0	1049	1142	3173	3198
18	,	O	O	-	0	1049	1142	3173	3198
19	ſoll	O	O	-	0	1156	1189	3173	3196
20	er	O	O	-	0	1224	1243	422	436
21	ſich	O	O	-	0	1264	1295	416	440
22	bei	O	O	-	0	1317	1345	416	437
23	dem	O	O	-	0	1366	1407	417	437
24	Nahen	O	O	-	0	1419	1486	417	440
25	des	O	O	-	0	1505	1539	417	437
26	lippiſchen	O	O	-	0	1561	1654	416	440
27	Prinzen	O	O	-	0	1674	1756	415	439
28	zu	O	O	-	0	1778	1798	420	438
29	einem	O	O	-	0	1225	1283	443	461
30	Adjutanten	O	O	-	0	1297	1412	441	464
31	gewandt	O	O	-	0	1425	1511	443	466
32	und	O	O	-	0	1525	1562	443	463
33	den	O	O	-	0	1576	1603	443	461
34	Prinzen	O	O	-	0	1605	1701	441	466
35	alſo	O	O	-	0	1714	1752	441	463
36	mit	O	O	-	0	1767	1798	441	460
37	allen	O	O	-	0	1225	1275	467	487
38	Zeichen	O	O	-	0	1294	1368	467	491
39	der	O	O	-	0	1390	1421	468	487
40	Ungnade	O	O	-	0	1440	1530	468	491
41	ignoriert	O	O	-	0	1552	1641	467	491
42	und	O	O	-	0	1666	1704	466	486
43	verletzt	O	O	-	0	1731	1799	466	488
44	haben	O	O	-	0	1224	1290	492	515
45	.	O	O	-	0	1224	1290	492	515
0		O	O	-	0	1316	1381	492	514
1	Dieſer	O	O	-	0	1316	1381	492	514
2	Fall	O	O	-	0	1393	1437	492	515
3	wird	O	O	-	0	1450	1497	493	514
4	von	O	O	-	0	1515	1552	496	513
5	dem	O	O	-	0	1568	1601	493	512
6	lippiſchen	O	O	-	0	1601	1721	491	515
7	Blatte	O	O	-	0	1734	1799	491	510
8	zum	O	O	-	0	1225	1267	522	539
9	Anlaß	O	O	-	0	1279	1342	515	539
10	genommen	O	O	-	0	1356	1468	522	540
11	,	O	O	-	0	1356	1468	522	540
12	einer	O	O	-	0	1484	1531	518	537
13	großen	O	O	-	0	1546	1614	517	540
14	Zahl	O	O	-	0	1626	1676	516	540
15	von	O	O	-	0	1690	1726	520	536
16	Handlungen	O	O	-	0	1736	1799	515	539
17	des	O	O	-	0	1308	1341	543	562
18	Kaiſers	O	O	-	0	1354	1429	542	564
19	Erwähnung	O	O	-	0	1442	1563	542	565
20	zu	O	O	-	0	1577	1599	547	565
21	tun	O	O	-	0	1612	1652	543	563
22	,	O	O	-	0	1612	1652	543	563
23	die	O	O	-	0	1670	1697	541	561
24	in	O	O	-	0	1711	1731	541	560
25	Lippe	B-LOC	O	Q153945	0	1744	1799	541	564
26	arge	O	O	-	0	1227	1269	572	590
27	Verſtimmungen	O	O	-	0	1292	1450	567	590
28	hervorriefen	O	O	-	0	1472	1600	567	590
29	.	O	O	-	0	1472	1600	567	590
0		O	O	-	0	1635	1667	566	586
1	So	O	O	-	0	1635	1667	566	586
2	wird	O	O	-	0	1689	1735	566	586
3	auch	O	O	-	0	1758	1798	566	588
4	jener	O	O	-	0	1226	1276	592	616
5	Vorgang	O	O	-	0	1289	1378	592	616
6	angedeutet	O	O	-	0	1393	1507	592	616
7	,	O	O	-	0	1393	1507	592	616
8	der	O	O	-	0	1521	1551	592	612
9	bisher	O	O	-	0	1565	1627	592	616
10	in	O	O	-	0	1640	1660	591	611
11	der	O	O	-	0	1674	1704	590	611
12	Oeffentlichkeit	O	O	-	0	1716	1800	590	612
13	nicht	O	O	-	0	1305	1351	618	639
14	erörtert	O	O	-	0	1365	1441	618	637
15	worden	O	O	-	0	1454	1522	618	637
16	iſt	O	O	-	0	1523	1564	617	641
17	,	O	O	-	0	1523	1564	617	641
18	zehn	O	O	-	0	1578	1621	616	641
19	Jahre	O	O	-	0	1628	1689	616	640
20	zurückliegt	O	O	-	0	1696	1800	616	640
21	und	O	O	-	0	1226	1265	643	662
22	ſich	O	O	-	0	1286	1318	641	665
23	bei	O	O	-	0	1339	1367	641	662
24	der	O	O	-	0	1388	1420	642	662
25	Uebermittlung	O	O	-	0	1435	1580	642	665
26	der	O	O	-	0	1600	1631	641	661
27	Meldung	O	O	-	0	1646	1738	640	665
28	vom	O	O	-	0	1758	1800	644	661
29	Regierungsantritt	O	O	-	0	1227	1414	667	690
30	des	O	O	-	0	1427	1460	667	688
31	verſtorbenen	O	O	-	0	1468	1592	667	690
32	Grafregenten	O	O	-	0	1600	1735	666	689
33	durch	O	O	-	0	1748	1799	666	688
34	den	O	O	-	0	1227	1262	692	712
35	damaligen	O	O	-	0	1276	1381	693	715
36	Erbgrafen	O	O	-	0	1390	1493	692	715
37	abſpielte	O	O	-	0	1502	1591	692	714
38	.	O	O	-	0	1502	1591	692	714
0		O	O	-	0	1613	1649	691	711
1	Bei	O	O	-	0	1613	1649	691	711
2	Uebermittlung	O	O	-	0	1656	1799	691	714
3	der	O	O	-	0	1228	1260	717	736
4	Botſchaft	O	O	-	0	1281	1374	717	739
5	des	O	O	-	0	1395	1429	717	737
6	Regenten	O	O	-	0	1451	1544	718	741
7	trat	O	O	-	0	1565	1603	718	737
8	der	O	O	-	0	1626	1656	716	735
9	Kaiſer	O	O	-	0	1677	1740	716	739
10	dem	O	O	-	0	1761	1801	716	736
11	feſtlich	O	O	-	0	1228	1291	742	765
12	gekleideten	O	O	-	0	1305	1411	742	765
13	Erbgrafen	O	O	-	0	1425	1529	742	765
14	in	O	O	-	0	1542	1562	742	761
15	der	O	O	-	0	1575	1605	742	760
16	Jagdjoppe	O	O	-	0	1614	1722	741	765
17	gegenüber	O	O	-	0	1736	1799	746	765
18	.	O	O	-	0	1228	1278	767	787
0		O	O	-	0	1307	1344	767	790
1	Auf	O	O	-	0	1307	1344	767	790
2	die	O	O	-	0	1365	1393	767	787
3	ehrerbietigſte	O	O	-	0	1414	1544	767	792
4	Meldung	O	O	-	0	1563	1654	766	790
5	äußerte	O	O	-	0	1676	1751	766	788
6	der	O	O	-	0	1771	1801	766	786
7	Kaiſer	O	O	-	0	1228	1291	792	814
8	ſeine	O	O	-	0	1304	1350	792	814
9	verwundernde	O	O	-	0	1363	1506	793	812
10	Anſicht	O	O	-	0	1523	1593	792	814
11	darüber	O	O	-	0	1612	1696	791	814
12	,	O	O	-	0	1612	1696	791	814
13	daß	O	O	-	0	1717	1753	791	814
14	die	O	O	-	0	1774	1801	791	810
15	Bieſterfelder	O	O	-	0	1229	1356	816	840
16	ſich	O	O	-	0	1375	1405	817	840
17	ſukzeſſionsberechtigt	O	O	-	0	1426	1626	816	841
18	glaubten	O	O	-	0	1650	1743	816	840
19	,	O	O	-	0	1650	1743	816	840
20	und	O	O	-	0	1764	1800	816	835
21	entließ	O	O	-	0	1230	1297	842	864
22	dann	O	O	-	0	1311	1361	843	862
23	den	O	O	-	0	1375	1409	843	863
24	jungen	O	O	-	0	1423	1492	842	865
25	Grafen	O	O	-	0	1505	1577	842	864
26	auf	O	O	-	0	1591	1623	841	864
27	deſſen	O	O	-	0	1637	1695	841	863
28	Antwort	O	O	-	0	1708	1800	841	865
29	,	O	O	-	0	1708	1800	841	865
30	daß	O	O	-	0	1230	1267	868	889
31	man	O	O	-	0	1281	1323	872	886
32	bei	O	O	-	0	1337	1365	868	887
33	ſeinem	O	O	-	0	1379	1443	868	889
34	Vater	O	O	-	0	1453	1511	868	889
35	keine	O	O	-	0	1524	1571	868	887
36	andere	O	O	-	0	1579	1645	867	886
37	Anſicht	O	O	-	0	1652	1722	866	889
38	glaube	O	O	-	0	1736	1801	865	889
39	betätigen	O	O	-	0	1230	1323	892	915
40	zu	O	O	-	0	1336	1357	898	916
41	können	O	O	-	0	1372	1446	893	916
42	,	O	O	-	0	1372	1446	893	916
43	mit	O	O	-	0	1460	1493	893	912
44	der	O	O	-	0	1507	1537	893	912
45	Bemerkung	O	O	-	0	1551	1674	892	915
46	:	O	O	-	0	1551	1674	892	915
47	„	O	O	-	0	1689	1750	891	915
48	Nun	O	O	-	0	1689	1750	891	915
49	,	O	O	-	0	1689	1750	891	915
50	wir	O	O	-	0	1768	1801	892	911
51	werden	O	O	-	0	1231	1302	920	937
52	ja	O	O	-	0	1316	1334	917	940
53	ſehen	O	O	-	0	1343	1410	917	940
54	.	O	O	-	0	1343	1410	917	940
55	“	O	O	-	0	1343	1410	917	940
0		O	O	-	0	1425	1491	918	940
1	Dieſes	O	O	-	0	1425	1491	918	940
2	Vorkommnis	O	O	-	0	1499	1616	917	938
3	in	O	O	-	0	1619	1649	917	936
4	ſeinen	O	O	-	0	1650	1722	916	939
5	Einzelheiten	O	O	-	0	1730	1802	916	940
6	iſt	O	O	-	0	1305	1325	942	965
7	in	O	O	-	0	1339	1358	943	962
8	dem	O	O	-	0	1372	1411	943	963
9	Blatte	O	O	-	0	1424	1489	943	963
10	nicht	O	O	-	0	1503	1549	942	965
11	wiedergegeben	O	O	-	0	1565	1715	941	965
12	,	O	O	-	0	1565	1715	941	965
13	obſchon	O	O	-	0	1729	1802	941	964
14	es	O	O	-	0	1231	1253	970	987
15	in	O	O	-	0	1266	1285	968	988
16	den	O	O	-	0	1299	1332	968	987
17	eingeweihten	O	O	-	0	1342	1471	968	990
18	Kreiſen	O	O	-	0	1480	1552	968	990
19	immer	O	O	-	0	1565	1628	968	987
20	bekannt	O	O	-	0	1638	1715	967	987
21	geweſen	O	O	-	0	1724	1802	966	990
22	iſt	O	O	-	0	1231	1257	993	1014
23	.	O	O	-	0	1231	1257	993	1014
0		O	O	-	0	1292	1339	992	1014
1	Nach	O	O	-	0	1292	1339	992	1014
2	beendetem	O	O	-	0	1362	1463	993	1013
3	Thronſtreit	O	O	-	0	1489	1604	992	1014
4	hat	O	O	-	0	1626	1659	991	1014
5	der	O	O	-	0	1684	1715	992	1011
6	Kaiſer	O	O	-	0	1739	1803	991	1014
7	ſein	O	O	-	0	1231	1268	1017	1040
8	Verhalten	O	O	-	0	1290	1390	1017	1040
9	nicht	O	O	-	0	1415	1461	1018	1040
10	geändert	O	O	-	0	1484	1576	1018	1040
11	.	O	O	-	0	1484	1576	1018	1040
0		O	O	-	0	1602	1642	1017	1037
1	Und	O	O	-	0	1602	1642	1017	1037
2	ſchärfer	O	O	-	0	1664	1738	1016	1040
3	noch	O	O	-	0	1760	1801	1016	1039
4	als	O	O	-	0	1232	1264	1043	1062
5	der	O	O	-	0	1290	1320	1043	1062
6	verftorbene	O	O	-	0	1346	1457	1043	1065
7	Grafregent	O	O	-	0	1484	1596	1043	1065
8	hat	O	O	-	0	1624	1656	1042	1065
9	der	O	O	-	0	1682	1712	1043	1061
10	gegenwärtig	O	O	-	0	1739	1803	1047	1065
11	regierende	O	O	-	0	1320	1422	1068	1091
12	Fürſt	O	O	-	0	1444	1498	1068	1091
13	unter	O	O	-	0	1519	1572	1070	1087
14	dieſer	O	O	-	0	1594	1649	1066	1090
15	Haltung	O	O	-	0	1662	1746	1066	1090
16	des	O	O	-	0	1769	1801	1067	1086
17	Kaiſers	O	O	-	0	1231	1306	1092	1115
18	gelitten	O	O	-	0	1320	1399	1093	1116
19	.	O	O	-	0	1320	1399	1093	1116
0		O	O	-	0	1431	1507	1092	1116
1	Freilich	O	O	-	0	1431	1507	1092	1116
2	ging	O	O	-	0	1530	1572	1093	1116
3	er	O	O	-	0	1586	1605	1097	1111
4	den	O	O	-	0	1618	1652	1092	1111
5	Begegnungen	O	O	-	0	1666	1803	1092	1115
6	nicht	O	O	-	0	1231	1278	1118	1141
7	immer	O	O	-	0	1290	1353	1118	1138
8	aus	O	O	-	0	1367	1404	1120	1138
9	dem	O	O	-	0	1418	1457	1117	1138
10	Wege	O	O	-	0	1470	1532	1117	1141
11	.	O	O	-	0	1470	1532	1117	1141
0		O	O	-	0	1567	1598	1117	1136
1	So	O	O	-	0	1567	1598	1117	1136
2	in	O	O	-	0	1619	1640	1117	1137
3	Homburg	B-LOC	O	Q7040	0	1652	1754	1116	1141
4	,	O	O	-	0	1652	1754	1116	1141
5	wo	O	O	-	0	1773	1802	1120	1137
6	er	O	O	-	0	1232	1250	1148	1162
7	der	O	O	-	0	1276	1308	1143	1163
8	Einladung	O	O	-	0	1332	1440	1143	1166
9	Folge	O	O	-	0	1466	1525	1143	1166
10	leiſtete	O	O	-	0	1551	1621	1142	1166
11	,	O	O	-	0	1551	1621	1142	1166
12	die	O	O	-	0	1655	1682	1142	1162
13	ihm	O	O	-	0	1708	1745	1142	1165
14	als	O	O	-	0	1772	1803	1141	1162
15	lippiſchen	O	O	-	0	1232	1325	1168	1191
16	Kontingentsherrn	O	O	-	0	1338	1518	1168	1192
17	zu	O	O	-	0	1540	1562	1172	1192
18	den	O	O	-	0	1583	1617	1167	1187
19	Kaiſermanövern	O	O	-	0	1638	1802	1166	1190
20	des	O	O	-	0	1233	1266	1193	1213
21	vergangenen	O	O	-	0	1281	1407	1196	1217
22	Jahres	O	O	-	0	1428	1500	1193	1217
23	zu	O	O	-	0	1523	1544	1198	1216
24	teil	O	O	-	0	1558	1589	1192	1213
25	wurde	O	O	-	0	1610	1678	1192	1216
26	,	O	O	-	0	1610	1678	1192	1216
27	an	O	O	-	0	1701	1725	1197	1212
28	denen	O	O	-	0	1747	1803	1192	1211
29	ſich	O	O	-	0	1232	1262	1218	1241
30	auch	O	O	-	0	1276	1318	1218	1241
31	das	O	O	-	0	1332	1368	1219	1238
32	lippiſche	O	O	-	0	1383	1460	1218	1241
33	Kontingent	O	O	-	0	1474	1587	1218	1241
34	beteiligte	O	O	-	0	1600	1696	1217	1241
35	.	O	O	-	0	1600	1696	1217	1241
0		O	O	-	0	1710	1803	1216	1240
1	Während	O	O	-	0	1710	1803	1216	1240
2	der	O	O	-	0	1232	1263	1243	1263
3	Manöver	O	O	-	0	1276	1370	1243	1264
4	wurde	O	O	-	0	1383	1445	1244	1263
5	er	O	O	-	0	1467	1474	1248	1262
6	gelitten	O	O	-	0	1476	1578	1243	1267
7	,	O	O	-	0	1476	1578	1243	1267
8	als	O	O	-	0	1601	1632	1242	1262
9	aber	O	O	-	0	1650	1692	1241	1262
10	die	O	O	-	0	1714	1741	1242	1261
11	mehr	O	O	-	0	1755	1803	1242	1265
12	höfiſchen	O	O	-	0	1232	1318	1268	1291
13	Veranſtaltungen	O	O	-	0	1331	1497	1269	1291
14	in	O	O	-	0	1510	1530	1268	1288
15	Kaſſel	O	O	-	0	1543	1603	1267	1290
16	folgten	O	O	-	0	1617	1691	1267	1291
17	,	O	O	-	0	1617	1691	1267	1291
18	an	O	O	-	0	1710	1733	1272	1287
19	denen	O	O	-	0	1747	1804	1267	1286
20	ſich	O	O	-	0	1232	1263	1294	1316
21	alle	O	O	-	0	1278	1312	1294	1313
22	anweſenden	O	O	-	0	1326	1443	1293	1316
23	Bundesfürſten	O	O	-	0	1456	1604	1292	1315
24	beteiligten	O	O	-	0	1617	1726	1292	1316
25	,	O	O	-	0	1617	1726	1292	1316
26	mußte	O	O	-	0	1744	1803	1292	1314
27	der	O	O	-	0	1232	1264	1319	1338
28	lippiſche	O	O	-	0	1277	1355	1318	1341
29	Fürſt	O	O	-	0	1366	1419	1318	1341
30	plötzlich	O	O	-	0	1429	1505	1318	1341
31	abreiſen	O	O	-	0	1516	1595	1318	1341
32	und	O	O	-	0	1608	1646	1318	1337
33	das	O	O	-	0	1659	1696	1318	1337
34	in	O	O	-	0	1709	1729	1318	1337
35	Glanz	O	O	-	0	1743	1803	1317	1341
36	und	O	O	-	0	1232	1270	1344	1364
37	Freude	O	O	-	0	1278	1338	1344	1367
38	ſchwelgende	O	O	-	0	1341	1471	1344	1367
39	Kaſſel	O	O	-	0	1479	1537	1343	1366
40	hinter	O	O	-	0	1547	1596	1344	1366
41	ſich	O	O	-	0	1598	1643	1342	1366
42	laſſen	O	O	-	0	1652	1717	1342	1365
43	.	O	O	-	0	1652	1717	1342	1365
0		O	O	-	0	1721	1803	1342	1365
1	Aehnlich	O	O	-	0	1721	1803	1342	1365
2	überging	O	O	-	0	1232	1321	1369	1393
3	man	O	O	-	0	1334	1378	1374	1388
4	den	O	O	-	0	1391	1425	1369	1388
5	Fürſten	O	O	-	0	1439	1516	1369	1393
6	bei	O	O	-	0	1529	1557	1368	1388
7	den	O	O	-	0	1570	1604	1368	1388
8	großen	O	O	-	0	1618	1680	1367	1392
9	Kavallerieübungen	O	O	-	0	1680	1804	1367	1387
10	in	O	O	-	0	1306	1345	1394	1414
11	der	O	O	-	0	1353	1383	1394	1414
12	Senne	O	O	-	0	1391	1460	1394	1416
13	,	O	O	-	0	1391	1460	1394	1416
14	die	O	O	-	0	1471	1498	1394	1413
15	im	O	O	-	0	1507	1533	1393	1413
16	Auguſt	O	O	-	0	1540	1609	1393	1416
17	ſtattfanden	O	O	-	0	1622	1738	1393	1416
18	.	O	O	-	0	1622	1738	1393	1416
0		O	O	-	0	1764	1805	1392	1412
1	Obſchon	O	O	-	0	1764	1805	1392	1412
2	ſich	O	O	-	0	1303	1332	1418	1442
3	das	O	O	-	0	1353	1388	1418	1439
4	lippiſche	O	O	-	0	1409	1488	1418	1442
5	Kontingent	O	O	-	0	1502	1621	1418	1442
6	,	O	O	-	0	1502	1621	1418	1442
7	wenn	O	O	-	0	1641	1694	1422	1438
8	auch	O	O	-	0	1714	1755	1417	1439
9	nur	O	O	-	0	1769	1804	1423	1438
10	paſſiv	O	O	-	0	1234	1297	1444	1467
11	,	O	O	-	0	1234	1297	1444	1467
12	an	O	O	-	0	1312	1335	1449	1464
13	dieſen	O	O	-	0	1349	1407	1444	1467
14	Uebungen	O	O	-	0	1419	1519	1444	1467
15	beteiligte	O	O	-	0	1536	1626	1444	1467
16	—	O	O	-	0	1640	1663	1453	1457
17	es	O	O	-	0	1677	1697	1445	1463
18	diente	O	O	-	0	1710	1770	1442	1463
19	zu	O	O	-	0	1783	1804	1448	1467
20	Abſperrungen	O	O	-	0	1234	1372	1470	1492
21	—	O	O	-	0	1386	1409	1479	1484
22	und	O	O	-	0	1423	1449	1474	1489
23	obſchon	O	O	-	0	1450	1549	1468	1491
24	ſich	O	O	-	0	1562	1592	1468	1491
25	die	O	O	-	0	1607	1634	1468	1488
26	Uebungen	O	O	-	0	1643	1728	1467	1491
27	ſelbſt	O	O	-	0	1729	1804	1467	1491
28	mit	O	O	-	0	1234	1267	1495	1514
29	auf	O	O	-	0	1287	1319	1494	1517
30	lippiſchem	O	O	-	0	1338	1436	1494	1517
31	Boden	O	O	-	0	1449	1515	1493	1514
32	abſpielten	O	O	-	0	1535	1639	1493	1516
33	,	O	O	-	0	1535	1639	1493	1516
34	ſo	O	O	-	0	1659	1677	1493	1516
35	erging	O	O	-	0	1698	1760	1493	1516
36	an	O	O	-	0	1781	1805	1498	1512
37	den	O	O	-	0	1234	1268	1520	1540
38	Kontingents⸗	O	O	-	0	1281	1414	1519	1543
39	und	O	O	-	0	1430	1467	1519	1539
40	Landesherrn	O	O	-	0	1481	1610	1519	1541
41	keine	O	O	-	0	1631	1677	1519	1537
42	Einladung	O	O	-	0	1691	1803	1518	1542
43	.	O	O	-	0	1691	1803	1518	1542
0		O	O	-	0	1234	1270	1545	1565
1	Bei	O	O	-	0	1234	1270	1545	1565
2	dem	O	O	-	0	1283	1323	1544	1564
3	Bemühen	O	O	-	0	1332	1432	1544	1568
4	,	O	O	-	0	1332	1432	1544	1568
5	für	O	O	-	0	1446	1477	1544	1565
6	die	O	O	-	0	1490	1518	1544	1563
7	Behandlung	O	O	-	0	1526	1651	1543	1567
8	des	O	O	-	0	1666	1684	1543	1563
9	lippiſchen	O	O	-	0	1687	1805	1543	1566
10	Fürſtenhauſes	O	O	-	0	1234	1377	1570	1593
11	eine	O	O	-	0	1390	1429	1570	1589
12	Erklärung	O	O	-	0	1443	1545	1569	1592
13	zu	O	O	-	0	1559	1582	1574	1592
14	finden	O	O	-	0	1594	1661	1568	1592
15	,	O	O	-	0	1594	1661	1568	1592
16	iſt	O	O	-	0	1682	1703	1568	1592
17	man	O	O	-	0	1715	1759	1574	1588
18	auf	O	O	-	0	1773	1805	1568	1591
19	die	O	O	-	0	1234	1262	1596	1615
20	Annahme	O	O	-	0	1272	1367	1595	1618
21	geſtoßen	O	O	-	0	1381	1468	1594	1618
22	,	O	O	-	0	1381	1468	1594	1618
23	es	O	O	-	0	1483	1503	1596	1614
24	hätte	O	O	-	0	1516	1567	1594	1617
25	den	O	O	-	0	1580	1614	1593	1614
26	Kaiſer	O	O	-	0	1621	1684	1593	1617
27	verdroſſen	O	O	-	0	1697	1803	1593	1617
28	,	O	O	-	0	1697	1803	1593	1617
29	daß	O	O	-	0	1234	1271	1620	1643
30	der	O	O	-	0	1292	1324	1620	1640
31	Fürſt	O	O	-	0	1344	1398	1619	1643
32	nach	O	O	-	0	1419	1461	1620	1641
33	Beendigung	O	O	-	0	1481	1603	1619	1642
34	des	O	O	-	0	1626	1659	1619	1639
35	Thronſtreits	O	O	-	0	1678	1804	1618	1642
36	einer	O	O	-	0	1234	1283	1646	1665
37	von	O	O	-	0	1305	1341	1648	1665
38	ihm	O	O	-	0	1362	1400	1645	1668
39	geſtifteten	O	O	-	0	1422	1519	1645	1668
40	Denkmünze	O	O	-	0	1542	1657	1644	1667
41	die	O	O	-	0	1677	1705	1644	1663
42	Jnſchrift	O	O	-	0	1717	1805	1643	1667
43	gegeben	O	O	-	0	1235	1311	1670	1694
44	hat	O	O	-	0	1332	1374	1670	1694
45	:	O	O	-	0	1332	1374	1670	1694
46	„	O	O	-	0	1399	1470	1669	1694
47	Durch	O	O	-	0	1399	1470	1669	1694
48	Kampf	O	O	-	0	1492	1560	1668	1693
49	zum	O	O	-	0	1585	1625	1675	1694
50	Sieg	O	O	-	0	1647	1717	1668	1693
51	!	O	O	-	0	1647	1717	1668	1693
52	“	O	O	-	0	1647	1717	1668	1693
0		O	O	-	0	1752	1805	1668	1691
1	Dieſe	O	O	-	0	1752	1805	1668	1691
2	Denkmünze	O	O	-	0	1235	1349	1696	1718
3	iſt	O	O	-	0	1362	1388	1695	1718
4	,	O	O	-	0	1362	1388	1695	1718
5	was	O	O	-	0	1409	1450	1697	1715
6	bisher	O	O	-	0	1470	1532	1694	1718
7	noch	O	O	-	0	1552	1593	1694	1717
8	nicht	O	O	-	0	1610	1656	1694	1717
9	bekannt	O	O	-	0	1670	1746	1694	1714
10	war	O	O	-	0	1760	1803	1698	1718
11	,	O	O	-	0	1760	1803	1698	1718
12	in	O	O	-	0	1236	1255	1721	1740
13	Preußen	B-LOC	O	-	0	1269	1355	1721	1743
14	beanſtandet	O	O	-	0	1369	1485	1719	1743
15	worden	O	O	-	0	1498	1572	1719	1739
16	und	O	O	-	0	1591	1629	1719	1739
17	darf	O	O	-	0	1650	1683	1719	1739
18	auch	O	O	-	0	1684	1746	1719	1741
19	nicht	O	O	-	0	1761	1805	1719	1741
20	getragen	O	O	-	0	1235	1322	1747	1770
21	werden	O	O	-	0	1334	1411	1746	1766
22	.	O	O	-	0	1334	1411	1746	1766
0		O	O	-	0	1425	1449	1755	1759
1	—	O	O	-	0	1425	1449	1755	1759
0		O	O		0	1462	1490	1745	1764
1	Es	O	O	-	0	1462	1490	1745	1764
2	wird	O	O	-	0	1504	1550	1745	1764
3	nun	O	O	-	0	1564	1596	1750	1764
4	Zeit	O	O	-	0	1596	1663	1745	1768
5	,	O	O	-	0	1596	1663	1745	1768
6	daß	O	O	-	0	1684	1708	1745	1764
7	ſich	O	O	-	0	1709	1764	1744	1768
8	die	O	O	-	0	1778	1805	1745	1764
9	offiziöſe	O	O	-	0	1236	1314	1771	1794
10	Preſſe	O	O	-	0	1335	1397	1770	1794
11	ausführlicher	O	O	-	0	1419	1551	1769	1793
12	als	O	O	-	0	1574	1605	1770	1789
13	es	O	O	-	0	1628	1650	1771	1789
14	das	O	O	-	0	1676	1712	1770	1789
15	geſtern	O	O	-	0	1738	1805	1769	1793
16	publizierte	O	O	-	0	1236	1341	1796	1819
17	Telegramm	O	O	-	0	1354	1471	1795	1819
18	der	O	O	-	0	1484	1515	1795	1815
19	„	O	O	-	0	1529	1562	1794	1819
20	K.	O	O	-	0	1529	1562	1794	1819
21	Z.	O	O	-	0	1575	1610	1793	1819
22	“	O	O	-	0	1575	1610	1793	1819
23	getan	O	O	-	0	1624	1684	1796	1819
24	,	O	O	-	0	1624	1684	1796	1819
25	zur	O	O	-	0	1702	1733	1799	1818
26	Sache	O	O	-	0	1747	1805	1794	1817
27	äußert	O	O	-	0	1236	1305	1821	1844
28	.	O	O	-	0	1236	1305	1821	1844
0		O	O	-	0	1260	1283	1880	1885
1	—	O	O	-	0	1260	1283	1880	1885
0		O	O		0	1297	1348	1871	1892
1	Das	O	O	-	0	1297	1348	1871	1892
2	Königliche	O	O	-	0	1360	1488	1869	1894
3	Staatsminiſterium	O	O	-	0	1507	1743	1868	1894
4	trat	O	O	-	0	1743	1805	1871	1889
5	unter	O	O	-	0	1236	1289	1897	1916
6	dem	O	O	-	0	1302	1340	1896	1916
7	Vorſitz	O	O	-	0	1362	1428	1896	1919
8	ſeines	O	O	-	0	1449	1508	1895	1919
9	Präſidenten	O	O	-	0	1528	1648	1894	1918
10	Fürſten	O	O	-	0	1670	1747	1894	1919
11	von	B-PER	O	Q75200	0	1768	1805	1897	1915
12	Bülow	I-PER	O	Q75200	0	1234	1304	1921	1942
13	geſtern	O	O	-	0	1318	1385	1920	1945
14	zu	O	O	-	0	1398	1421	1926	1945
15	einer	O	O	-	0	1433	1482	1920	1941
16	Sitzung	O	O	-	0	1495	1572	1920	1945
17	zuſammen	O	O	-	0	1586	1694	1920	1945
18	.	O	O	-	0	1586	1694	1920	1945
0		O	O	-	0	1260	1283	1981	1986
1	—	O	O	-	0	1260	1283	1981	1986
0		O	O		0	1297	1333	1971	1992
1	Ein	O	O	-	0	1297	1333	1971	1992
2	Mitglied	O	O	-	0	1346	1454	1971	1994
3	des	O	O	-	0	1468	1508	1971	1990
4	Bundesrats	O	O	-	0	1468	1508	1971	1990
5	äußerte	O	O	-	0	1468	1508	1971	1990
6	sich	O	O	-	0	1468	1508	1971	1990
7	in	O	O	-	0	1234	1255	1997	2018
8	Betreff	O	O	-	0	1267	1337	1997	2019
9	der	O	O	-	0	1351	1381	1997	2017
10	Reichsfinanzreform	O	O	-	0	1391	1636	1995	2019
11	dahin	O	O	-	0	1649	1711	1995	2019
12	,	O	O	-	0	1649	1711	1995	2019
13	daß	O	O	-	0	1726	1761	1995	2019
14	der	O	O	-	0	1775	1805	1995	2015
15	Bundesrat	B-ORG	O	Q30917	0	1235	1345	2022	2042
16	noch	O	O	-	0	1358	1400	2022	2043
17	nicht	O	O	-	0	1414	1459	2022	2044
18	zu	O	O	-	0	1472	1494	2026	2044
19	abſoluter	O	O	-	0	1505	1596	2020	2044
20	Einigkeit	O	O	-	0	1603	1692	2020	2044
21	kam	O	O	-	0	1705	1750	2022	2041
22	,	O	O	-	0	1705	1750	2022	2041
23	deshalb	O	O	-	0	1764	1805	2020	2041
24	ſei	O	O	-	0	1292	1315	2047	2069
25	eine	O	O	-	0	1328	1366	2048	2067
26	Veröffentlichung	O	O	-	0	1375	1540	2046	2069
27	unmöglich	O	O	-	0	1554	1661	2046	2069
28	.	O	O	-	0	1554	1661	2046	2069
0		O	O	-	0	1688	1728	2046	2066
1	Der	O	O	-	0	1688	1728	2046	2066
2	Jnterviewte	O	O	-	0	1739	1805	2036	2069
3	beſchränkte	O	O	-	0	1313	1419	2072	2095
4	ſich	O	O	-	0	1439	1469	2072	2095
5	darauf	O	O	-	0	1486	1560	2071	2095
6	,	O	O	-	0	1486	1560	2071	2095
7	mitzuteilen	O	O	-	0	1582	1698	2072	2095
8	,	O	O	-	0	1582	1698	2072	2095
9	daß	O	O	-	0	1722	1757	2071	2094
10	die	O	O	-	0	1778	1805	2072	2092
11	pièce	O	O	-	0	1234	1294	2098	2119
12	de	O	O	-	0	1306	1332	2097	2118
13	résistance	O	O	-	0	1346	1456	2097	2117
14	des	O	O	-	0	1470	1503	2096	2116
15	Projektes	O	O	-	0	1513	1609	2096	2119
16	die	O	O	-	0	1623	1650	2096	2116
17	Erbſchaftsſteuer	O	O	-	0	1664	1805	2095	2119
18	,	O	O	-	0	1234	1312	2119	2146
19	und	O	O	-	0	1332	1369	2123	2142
20	zwar	O	O	-	0	1384	1433	2126	2146
21	eine	O	O	-	0	1446	1485	2121	2142
22	ſehr	O	O	-	0	1505	1543	2121	2145
23	weitgehende	O	O	-	0	1560	1680	2121	2145
24	Erbſchaftsſteuer	O	O	-	0	1694	1805	2121	2144
25	ſein	O	O	-	0	1303	1339	2147	2170
26	werde	O	O	-	0	1353	1417	2147	2170
27	,	O	O	-	0	1353	1417	2147	2170
28	und	O	O	-	0	1430	1468	2146	2167
29	daß	O	O	-	0	1482	1518	2146	2170
30	daneben	O	O	-	0	1528	1609	2146	2166
31	auch	O	O	-	0	1624	1671	2147	2170
32	,	O	O	-	0	1624	1671	2147	2170
33	mit	O	O	-	0	1684	1709	2146	2166
34	in	O	O	-	0	1711	1731	2147	2165
35	erſter	O	O	-	0	1732	1805	2146	2170
36	Linie	O	O	-	0	1234	1291	2172	2195
37	,	O	O	-	0	1234	1291	2172	2195
38	das	O	O	-	0	1305	1341	2172	2192
39	Rohſpiritusmonopol	O	O	-	0	1355	1604	2172	2195
40	in	O	O	-	0	1610	1649	2171	2191
41	Frage	O	O	-	0	1659	1719	2172	2195
42	komme	O	O	-	0	1733	1804	2171	2192
43	.	O	O	-	0	1733	1804	2171	2192
0		O	O	-	0	1234	1267	2198	2218
1	An	O	O	-	0	1234	1267	2198	2218
2	die	O	O	-	0	1281	1315	2198	2217
3	Jnſeratenſteuer	O	O	-	0	1330	1527	2196	2220
4	nur	O	O	-	0	1545	1589	2201	2216
5	glaube	O	O	-	0	1608	1691	2196	2220
6	man	O	O	-	0	1710	1761	2202	2216
7	in	O	O	-	0	1782	1805	2197	2216
8	Bundesratskreiſen	B-ORG	O	-	0	1234	1472	2222	2244
9	nicht	O	O	-	0	1493	1555	2221	2244
10	.	O	O	-	0	1493	1555	2221	2244
0		O	O	-	0	1590	1643	2221	2244
1	Dieſe	O	O	-	0	1590	1643	2221	2244
2	Steuer	O	O	-	0	1661	1729	2222	2242
3	könne	O	O	-	0	1750	1804	2222	2242
4	vielmehr	O	O	-	0	1234	1320	2248	2271
5	eventualiter	O	O	-	0	1352	1486	2247	2271
6	,	O	O	-	0	1352	1486	2247	2271
7	nämlich	O	O	-	0	1519	1594	2246	2269
8	für	O	O	-	0	1628	1658	2247	2270
9	den	O	O	-	0	1689	1723	2247	2266
10	Fall	O	O	-	0	1755	1803	2247	2271
11	,	O	O	-	0	1755	1803	2247	2271
12	daß	O	O	-	0	1234	1270	2272	2296
13	eines	O	O	-	0	1305	1355	2272	2292
14	oder	O	O	-	0	1390	1432	2272	2292
15	das	O	O	-	0	1466	1502	2272	2292
16	andere	O	O	-	0	1536	1602	2272	2292
17	der	O	O	-	0	1636	1667	2272	2292
18	bisherigen	O	O	-	0	1700	1804	2271	2296
19	Projekte	O	O	-	0	1234	1317	2298	2321
20	zum	O	O	-	0	1351	1392	2303	2321
21	Scheitern	O	O	-	0	1424	1519	2297	2320
22	gebracht	O	O	-	0	1561	1642	2296	2321
23	werde	O	O	-	0	1676	1746	2297	2321
24	,	O	O	-	0	1676	1746	2297	2321
25	in	O	O	-	0	1785	1804	2297	2317
26	Betracht	O	O	-	0	1233	1318	2323	2344
27	kommen	O	O	-	0	1350	1435	2323	2342
28	.	O	O	-	0	1350	1435	2323	2342
0		O	O	-	0	1475	1621	2321	2344
1	Unverſtändlich	O	O	-	0	1475	1621	2321	2344
2	ſei	O	O	-	0	1653	1677	2321	2345
3	ihm	O	O	-	0	1709	1745	2322	2345
4	der	O	O	-	0	1774	1804	2321	2342
5	lebhafte	O	O	-	0	1234	1312	2348	2370
6	Widerſtand	O	O	-	0	1332	1453	2347	2370
7	,	O	O	-	0	1332	1453	2347	2370
8	der	O	O	-	0	1474	1505	2347	2367
9	ſich	O	O	-	0	1523	1554	2347	2370
10	in	O	O	-	0	1575	1594	2347	2367
11	Bayern	B-LOC	O	Q26272022	0	1614	1691	2347	2368
12	gegen	O	O	-	0	1708	1763	2352	2370
13	die	O	O	-	0	1777	1804	2347	2367
14	Elektrizitätzsſteuer	O	O	-	0	1232	1414	2373	2395
15	geltend	O	O	-	0	1422	1492	2372	2395
16	macht	O	O	-	0	1502	1564	2373	2393
17	.	O	O	-	0	1502	1564	2373	2393
0		O	O	-	0	1578	1621	2372	2392
1	Die	O	O	-	0	1578	1621	2372	2392
2	Elektrizitätsſteuer	O	O	-	0	1628	1805	2373	2395
3	werde	O	O	-	0	1315	1386	2398	2417
4	kommen	O	O	-	0	1400	1502	2398	2421
5	,	O	O	-	0	1400	1502	2398	2421
6	und	O	O	-	0	1523	1561	2397	2417
7	Bayern	B-LOC	O	Q980	0	1582	1651	2397	2421
8	ſei	O	O	-	0	1652	1701	2397	2421
9	doch	O	O	-	0	1716	1757	2397	2419
10	gar	O	O	-	0	1771	1804	2403	2421
11	nicht	O	O	-	0	1232	1278	2424	2443
12	der	O	O	-	0	1298	1329	2423	2443
13	ſtärkſte	O	O	-	0	1348	1416	2422	2446
14	Leidtragende	O	O	-	0	1435	1572	2422	2445
15	.	O	O	-	0	1435	1572	2422	2445
0		O	O	-	0	1598	1633	2422	2445
1	Jm	O	O	-	0	1598	1633	2422	2445
2	ganzen	O	O	-	0	1653	1722	2428	2446
3	Königreich	B-LOC	O	Q2558835	0	1735	1804	2422	2446
4	werde	O	O	-	0	1289	1346	2447	2468
5	heute	O	O	-	0	1360	1411	2447	2471
6	noch	O	O	-	0	1425	1467	2447	2471
7	nicht	O	O	-	0	1481	1527	2447	2471
8	ſo	O	O	-	0	1541	1558	2447	2468
9	viel	O	O	-	0	1572	1608	2447	2466
10	elektriſcher	O	O	-	0	1622	1726	2447	2471
11	Strom	O	O	-	0	1736	1803	2447	2467
12	konſumiert	O	O	-	0	1232	1338	2473	2495
13	wie	O	O	-	0	1351	1385	2473	2492
14	allein	O	O	-	0	1400	1454	2473	2492
15	in	O	O	-	0	1470	1490	2473	2492
16	der	O	O	-	0	1503	1533	2473	2492
17	Reichshauptſtadt	O	O	-	0	1547	1717	2472	2495
18	Berlin	B-LOC	O	Q64	0	1731	1803	2473	2492
19	.	O	O	-	0	1731	1803	2473	2492
0		O	O	-	0	1232	1255	2508	2512
1	—	O	O	-	0	1232	1255	2508	2512
0		O	O		0	1275	1311	2499	2517
1	Als	O	O	-	0	1275	1311	2499	2517
2	eine	O	O	-	0	1331	1369	2498	2517
3	Beſtätigung	O	O	-	0	1387	1507	2497	2520
4	der	O	O	-	0	1528	1559	2497	2517
5	Mitteilungen	O	O	-	0	1572	1705	2497	2520
6	von	O	O	-	0	1719	1757	2501	2517
7	den	O	O	-	0	1771	1803	2498	2517
8	Schwierigkeiten	O	O	-	0	1232	1388	2523	2545
9	im	O	O	-	0	1408	1433	2523	2543
10	Bundesrat	B-ORG	O	Q30917	0	1449	1559	2522	2543
11	darf	O	O	-	0	1572	1614	2522	2545
12	die	O	O	-	0	1628	1655	2523	2543
13	Nachricht	O	O	-	0	1669	1759	2522	2545
14	der	O	O	-	0	1774	1803	2523	2542
15	„	O	O	-	0	1231	1338	2548	2572
16	Kr.⸗Ztg.	O	O	-	0	1231	1338	2548	2572
17	“	O	O	-	0	1231	1338	2548	2572
18	gelten	O	O	-	0	1361	1425	2548	2571
19	,	O	O	-	0	1361	1425	2548	2571
20	daß	O	O	-	0	1453	1488	2548	2570
21	die	O	O	-	0	1517	1545	2548	2567
22	Bundesratsausſchüſſe	O	O	-	0	1573	1803	2548	2572
23	,	O	O	-	0	1573	1803	2548	2572
24	denen	O	O	-	0	1229	1286	2574	2594
25	die	O	O	-	0	1308	1335	2574	2593
26	Geſetzentwürfe	O	O	-	0	1355	1503	2572	2596
27	zur	O	O	-	0	1523	1556	2577	2595
28	Reichsfinanzreform	O	O	-	0	1575	1771	2572	2596
29	in	O	O	-	0	1784	1803	2573	2593
30	der	O	O	-	0	1229	1260	2599	2618
31	Sitzung	O	O	-	0	1274	1351	2599	2621
32	des	O	O	-	0	1372	1405	2599	2618
33	Bundesrats	B-ORG	O	Q557150	0	1425	1548	2598	2619
34	am	O	O	-	0	1565	1594	2602	2617
35	Freitag	O	O	-	0	1608	1689	2598	2621
36	,	O	O	-	0	1608	1689	2598	2621
37	18.	O	O	-	0	1710	1740	2598	2618
38	September	O	O	-	0	1754	1803	2598	2621
39	,	O	O	-	0	1229	1302	2623	2646
40	überwieſen	O	O	-	0	1325	1432	2622	2645
41	worden	O	O	-	0	1456	1529	2622	2643
42	ſind	O	O	-	0	1550	1593	2622	2646
43	,	O	O	-	0	1550	1593	2622	2646
44	erſt	O	O	-	0	1617	1647	2623	2644
45	am	O	O	-	0	1669	1698	2628	2643
46	Montag	O	O	-	0	1715	1801	2622	2646
47	,	O	O	-	0	1715	1801	2622	2646
48	28.	O	O	-	0	1229	1259	2649	2668
49	September	O	O	-	0	1274	1388	2648	2671
50	,	O	O	-	0	1274	1388	2648	2671
51	in	O	O	-	0	1402	1421	2648	2668
52	die	O	O	-	0	1436	1463	2648	2667
53	Beratung	O	O	-	0	1477	1575	2648	2671
54	eintreten	O	O	-	0	1590	1683	2648	2671
55	,	O	O	-	0	1590	1683	2648	2671
56	um	O	O	-	0	1696	1727	2653	2667
57	ſo	O	O	-	0	1740	1759	2648	2671
58	den	O	O	-	0	1768	1803	2648	2669
59	Regierungen	O	O	-	0	1229	1357	2674	2697
60	der	O	O	-	0	1379	1410	2674	2693
61	Bundesſtaaten	O	O	-	0	1432	1582	2672	2694
62	genügend	O	O	-	0	1606	1699	2673	2696
63	Zeit	O	O	-	0	1719	1761	2673	2697
64	zu	O	O	-	0	1780	1802	2678	2697
65	laſſen	O	O	-	0	1229	1290	2699	2722
66	,	O	O	-	0	1229	1290	2699	2722
67	zu	O	O	-	0	1305	1326	2704	2722
68	den	O	O	-	0	1341	1374	2699	2718
69	Vorlagen	O	O	-	0	1388	1484	2698	2721
70	Stellung	O	O	-	0	1498	1588	2697	2721
71	zu	O	O	-	0	1602	1624	2703	2721
72	nehmen	O	O	-	0	1637	1717	2699	2722
73	.	O	O	-	0	1637	1717	2699	2722
0		O	O	-	0	1253	1276	2758	2762
1	—	O	O	-	0	1253	1276	2758	2762
0		O	O		0	1290	1320	2748	2769
1	Der	O	O	-	0	1290	1320	2748	2769
2	Reichskommiſſar	O	O	-	0	1321	1505	2747	2771
3	für	O	O	-	0	1514	1544	2748	2769
4	die	O	O	-	0	1554	1581	2747	2767
5	Weltausſtellung	O	O	-	0	1595	1801	2748	2772
6	in	O	O	-	0	1227	1250	2774	2794
7	Brüſſel	B-LOC	O	Q9005	0	1271	1365	2773	2796
8	1910	O	O	-	0	1387	1436	2774	2793
9	hat	O	O	-	0	1458	1489	2774	2793
10	den	O	O	-	0	1512	1546	2774	2793
11	wirtſchaftlichen	O	O	-	0	1568	1718	2773	2795
12	Korporationen	O	O	-	0	1731	1801	2773	2796
13	das	O	O	-	0	1333	1369	2799	2818
14	Ausſftellungsprogramm	O	O	-	0	1389	1628	2798	2821
15	zugeſtellt	O	O	-	0	1649	1737	2799	2821
16	und	O	O	-	0	1764	1801	2799	2818
17	dabei	O	O	-	0	1227	1278	2824	2843
18	der	O	O	-	0	1293	1323	2824	2843
19	Hoffnung	O	O	-	0	1337	1432	2823	2846
20	Ausdruck	O	O	-	0	1447	1540	2823	2844
21	gegeben	O	O	-	0	1561	1642	2823	2846
22	,	O	O	-	0	1561	1642	2823	2846
23	daß	O	O	-	0	1663	1699	2823	2846
24	im	O	O	-	0	1717	1742	2825	2844
25	Hinblick	O	O	-	0	1755	1801	2823	2846
26	auf	O	O	-	0	1281	1313	2848	2872
27	die	O	O	-	0	1326	1354	2849	2868
28	beachtenswerten	O	O	-	0	1368	1533	2849	2870
29	Jntereſſen	O	O	-	0	1542	1651	2847	2872
30	,	O	O	-	0	1542	1651	2847	2872
31	die	O	O	-	0	1666	1692	2849	2868
32	für	O	O	-	0	1707	1736	2849	2870
33	große	O	O	-	0	1747	1801	2849	2872
34	Zweige	O	O	-	0	1225	1299	2874	2897
35	der	O	O	-	0	1313	1344	2874	2893
36	deutſchen	O	O	-	0	1357	1448	2873	2897
37	Jnduſtrie	O	O	-	0	1456	1554	2873	2895
38	bei	O	O	-	0	1567	1594	2873	2893
39	der	O	O	-	0	1608	1639	2874	2893
40	Brüſſeler	O	O	-	0	1648	1740	2873	2897
41	Ausſtellung	O	O	-	0	1751	1801	2874	2894
42	in	O	O	-	0	1316	1334	2899	2919
43	Frage	O	O	-	0	1348	1409	2898	2921
44	kommen	O	O	-	0	1426	1512	2898	2921
45	,	O	O	-	0	1426	1512	2898	2921
46	die	O	O	-	0	1526	1554	2898	2918
47	Jntereſſenvertretungen	O	O	-	0	1567	1801	2898	2921
48	ſich	O	O	-	0	1225	1255	2923	2946
49	bereit	O	O	-	0	1270	1325	2923	2943
50	finden	O	O	-	0	1338	1400	2923	2946
51	laſſen	O	O	-	0	1414	1470	2923	2945
52	werden	O	O	-	0	1484	1561	2923	2946
53	,	O	O	-	0	1484	1561	2923	2946
54	den	O	O	-	0	1577	1610	2924	2942
55	auf	O	O	-	0	1624	1656	2923	2945
56	eine	O	O	-	0	1670	1708	2925	2944
57	würdige	O	O	-	0	1719	1800	2924	2947
58	und	O	O	-	0	1225	1262	2949	2968
59	eindrucksvolle	O	O	-	0	1276	1417	2948	2968
60	Geſtaltung	O	O	-	0	1432	1542	2948	2971
61	der	O	O	-	0	1558	1587	2950	2968
62	deutſchen	O	O	-	0	1601	1691	2948	2971
63	Abteilung	O	O	-	0	1700	1799	2949	2972
64	der	O	O	-	0	1224	1256	2973	2993
65	Brüſſeler	O	O	-	0	1269	1362	2972	2996
66	Ausſtellung	O	O	-	0	1372	1492	2973	2997
67	gerichteten	O	O	-	0	1506	1610	2972	2997
68	Beſtrebungen	O	O	-	0	1621	1757	2973	2997
69	der	O	O	-	0	1770	1800	2974	2993
70	Reichsvertretung	O	O	-	0	1224	1395	2998	3021
71	ihre	O	O	-	0	1409	1447	2998	3021
72	Unterſtützung	O	O	-	0	1460	1596	2998	3021
73	zu	O	O	-	0	1610	1631	3004	3021
74	leihen	O	O	-	0	1646	1708	2999	3020
75	.	O	O	-	0	1646	1708	2999	3020
0		O	O	-	0	1730	1753	2999	3019
1	An	O	O	-	0	1730	1753	2999	3019
2	der	O	O	-	0	1754	1800	2999	3019
3	Ausſtellung	O	O	-	0	1224	1344	3022	3047
4	in	O	O	-	0	1356	1376	3024	3043
5	Brüſſel	B-LOC	O	Q9005	0	1390	1465	3022	3047
6	werden	O	O	-	0	1479	1551	3023	3043
7	ſich	O	O	-	0	1568	1603	3022	3047
8	,	O	O	-	0	1568	1603	3022	3047
9	wie	O	O	-	0	1626	1661	3024	3044
10	der	O	O	-	0	1682	1712	3024	3044
11	Reichskommiſſar	O	O	-	0	1726	1800	3024	3046
12	ausführt	O	O	-	0	1350	1451	3048	3071
13	,	O	O	-	0	1350	1451	3048	3071
14	nicht	O	O	-	0	1484	1530	3048	3068
15	nur	O	O	-	0	1560	1596	3053	3068
16	die	O	O	-	0	1621	1649	3049	3068
17	europäiſchen	O	O	-	0	1675	1799	3049	3071
18	Staaten	O	O	-	0	1223	1312	3073	3096
19	,	O	O	-	0	1223	1312	3073	3096
20	ſondern	O	O	-	0	1332	1410	3072	3097
21	die	O	O	-	0	1430	1458	3073	3093
22	größeren	O	O	-	0	1479	1568	3073	3097
23	Juduſtrieſtaaten	O	O	-	0	1581	1748	3073	3096
24	der	O	O	-	0	1769	1799	3075	3094
25	ganzen	O	O	-	0	1222	1292	3103	3122
26	Welt	O	O	-	0	1306	1356	3097	3118
27	beteiligen	O	O	-	0	1373	1475	3098	3122
28	.	O	O	-	0	1373	1475	3098	3122
0		O	O	-	0	1509	1545	3098	3118
1	Die	O	O	-	0	1509	1545	3098	3118
2	Brüſſeler	O	O	-	0	1566	1659	3097	3122
3	Ausſtellung	O	O	-	0	1679	1798	3099	3122
4	wird	O	O	-	0	1222	1269	3123	3142
5	daher	O	O	-	0	1291	1346	3124	3146
6	im	O	O	-	0	1367	1393	3122	3143
7	ſtärkeren	O	O	-	0	1415	1503	3122	3145
8	Maße	O	O	-	0	1526	1584	3122	3146
9	als	O	O	-	0	1611	1642	3124	3143
10	die	O	O	-	0	1664	1692	3124	3143
11	früheren	O	O	-	0	1714	1798	3124	3146
12	belgiſchen	O	O	-	0	1222	1318	3147	3171
13	Ausſtellungen	O	O	-	0	1337	1482	3147	3171
14	einen	O	O	-	0	1502	1554	3148	3168
15	internationalen	O	O	-	0	1575	1731	3148	3169
16	Charakter	O	O	-	0	1750	1798	3149	3171
17	tragen	O	O	-	0	1302	1367	3175	3198
18	und	O	O	-	0	1388	1426	3173	3198
19	ſich	O	O	-	0	1449	1479	3173	3198
20	den	O	O	-	0	1502	1537	3173	3194
21	letzten	O	O	-	0	1563	1624	3173	3198
22	großen	O	O	-	0	1649	1718	3174	3199
23	Weltausſtellungen	O	O	-	0	1739	1799	3173	3194
24	,	O	O	-	0	1831	1976	415	436
25	wenn	O	O	-	0	1997	2051	417	434
26	auch	O	O	-	0	2076	2118	413	436
27	im	O	O	-	0	2138	2164	413	434
28	beſchränkteren	O	O	-	0	2183	2324	412	436
29	räumlichen	O	O	-	0	2342	2400	415	436
30	Umfange	O	O	-	0	1913	2015	440	462
31	,	O	O	-	0	1913	2015	440	462
32	würdig	O	O	-	0	2047	2118	438	461
33	an	O	O	-	0	2151	2177	442	458
34	die	O	O	-	0	2205	2233	438	458
35	Seite	O	O	-	0	2259	2313	438	457
36	ſtellen	O	O	-	0	2339	2399	438	462
37	.	O	O	-	0	2339	2399	438	462
0		O	O	-	0	1831	1861	465	485
1	Es	O	O	-	0	1831	1861	465	485
2	ſind	O	O	-	0	1894	1933	464	488
3	hiernach	O	O	-	0	1967	2048	464	488
4	nicht	O	O	-	0	2082	2128	464	486
5	nur	O	O	-	0	2163	2198	468	482
6	Rückſichten	O	O	-	0	2230	2338	462	486
7	auf	O	O	-	0	2371	2400	468	488
8	die	O	O	-	0	1833	1861	490	510
9	freundnachbarlichen	O	O	-	0	1888	2086	489	513
10	Beziehungen	O	O	-	0	2115	2244	488	512
11	zu	O	O	-	0	2273	2296	493	511
12	Belgien	B-LOC	O	Q3561	0	2320	2399	488	515
13	,	O	O	-	0	2320	2399	488	515
14	ſondern	O	O	-	0	1831	1909	515	538
15	auch	O	O	-	0	1927	1968	515	538
16	Gründe	O	O	-	0	1990	2067	514	535
17	internationalen	O	O	-	0	2086	2244	513	534
18	Wettbewerbs	O	O	-	0	2265	2399	512	538
19	,	O	O	-	0	2265	2399	512	538
20	die	O	O	-	0	1832	1860	540	559
21	es	O	O	-	0	1887	1908	542	560
22	angezeigt	O	O	-	0	1928	2021	541	563
23	erſcheinen	O	O	-	0	2042	2139	539	562
24	laſſen	O	O	-	0	2162	2223	538	562
25	,	O	O	-	0	2162	2223	538	562
26	die	O	O	-	0	2246	2274	537	557
27	Erzeugniſſe	O	O	-	0	2291	2400	537	562
28	deutſchen	O	O	-	0	1832	1923	564	593
29	Gewerbefleißes	O	O	-	0	1930	2083	564	588
30	auf	O	O	-	0	2097	2129	563	585
31	der	O	O	-	0	2144	2175	563	583
32	Brüſſeler	O	O	-	0	2184	2278	562	586
33	Ausſtellung	O	O	-	0	2287	2401	562	590
34	zu	O	O	-	0	1833	1854	595	614
35	zeigen	O	O	-	0	1859	1924	595	614
36	.	O	O	-	0	1859	1924	595	614
0		O	O	-	0	1935	2040	590	612
1	Beſonders	O	O	-	0	1935	2040	590	612
2	kommt	O	O	-	0	2046	2109	591	609
3	dabei	O	O	-	0	2114	2166	589	608
4	die	O	O	-	0	2171	2199	588	608
5	Bedeutung	O	O	-	0	2202	2312	588	611
6	des	O	O	-	0	2318	2349	588	609
7	Ausſtellungslandes	O	O	-	0	2354	2401	588	609
8	ſelbſt	O	O	-	0	2002	2053	614	638
9	als	O	O	-	0	2066	2097	615	634
10	Abſatzgebiet	O	O	-	0	2111	2231	613	637
11	für	O	O	-	0	2244	2275	613	636
12	die	O	O	-	0	2288	2316	613	633
13	deutſche	O	O	-	0	2329	2401	613	636
14	Jnduſtrie	O	O	-	0	1833	1929	640	662
15	in	O	O	-	0	1943	1964	640	660
16	Betracht	O	O	-	0	1976	2067	639	662
17	.	O	O	-	0	1976	2067	639	662
0		O	O	-	0	2094	2172	638	662
1	Belgien	B-LOC	O	Q31	0	2094	2172	638	662
2	hat	O	O	-	0	2186	2219	638	661
3	durch	O	O	-	0	2231	2283	638	658
4	die	O	O	-	0	2304	2332	637	658
5	dichte	O	O	-	0	2351	2401	639	662
6	Bevölkerung	O	O	-	0	1833	1962	665	688
7	des	O	O	-	0	1976	2009	665	685
8	Landes	O	O	-	0	2022	2103	665	688
9	,	O	O	-	0	2022	2103	665	688
10	die	O	O	-	0	2118	2145	663	683
11	glänzende	O	O	-	0	2159	2258	663	687
12	Entwickelung	O	O	-	0	2272	2401	662	688
13	ſeiner	O	O	-	0	1833	1889	690	713
14	Jnduſtrie	O	O	-	0	1902	1998	690	713
15	ſowie	O	O	-	0	2008	2062	690	713
16	durch	O	O	-	0	2073	2123	689	712
17	einen	O	O	-	0	2138	2191	689	709
18	beſonders	O	O	-	0	2204	2301	688	711
19	lebhaften	O	O	-	0	2316	2401	688	712
20	Zwiſchenhandel	O	O	-	0	1833	1998	715	739
21	,	O	O	-	0	1833	1998	715	739
22	der	O	O	-	0	2015	2046	715	735
23	in	O	O	-	0	2065	2085	715	735
24	beachtenswertem	O	O	-	0	2104	2272	714	737
25	Maße	O	O	-	0	2286	2345	712	735
26	auch	O	O	-	0	2363	2401	716	737
27	den	O	O	-	0	1836	1871	740	760
28	Abſatz	O	O	-	0	1885	1945	739	763
29	deutſcher	O	O	-	0	1968	2055	739	763
30	Waren	O	O	-	0	2076	2146	739	760
31	nach	O	O	-	0	2167	2210	739	763
32	dritten	O	O	-	0	2233	2300	738	758
33	Ländern	O	O	-	0	2321	2401	738	760
34	vermittelt	O	O	-	0	1833	1938	765	785
35	.	O	O	-	0	1833	1938	765	785
36	eine	O	O	-	0	1952	1990	765	784
37	Aufnahmefähigkeit	O	O	-	0	2004	2193	763	788
38	gewonnen	O	O	-	0	2207	2312	767	788
39	,	O	O	-	0	2207	2312	767	788
40	die	O	O	-	0	2333	2361	763	783
41	im	O	O	-	0	2380	2401	765	784
42	Verhältniſſe	O	O	-	0	1833	1955	789	812
43	zu	O	O	-	0	1970	1992	795	812
44	dem	O	O	-	0	2004	2037	789	810
45	territorialen	O	O	-	0	2038	2175	790	810
46	Umfange	O	O	-	0	2188	2277	788	812
47	des	O	O	-	0	2291	2324	788	809
48	Landes	O	O	-	0	2331	2401	788	810
49	außergewöhnlich	O	O	-	0	1833	2000	815	838
50	iſt	O	O	-	0	2022	2049	815	838
51	.	O	O	-	0	2022	2049	815	838
0		O	O	-	0	2079	2125	815	837
1	Nach	O	O	-	0	2079	2125	815	837
2	der	O	O	-	0	2148	2179	814	835
3	belgiſchen	O	O	-	0	2198	2295	814	837
4	Handelsſtatiſtik	O	O	-	0	2313	2401	813	836
5	betrug	O	O	-	0	1918	1982	840	865
6	die	O	O	-	0	1998	2027	840	859
7	Einfuhr	O	O	-	0	2040	2120	840	862
8	fremder	O	O	-	0	2139	2216	839	863
9	Erzeugniſſe	O	O	-	0	2230	2345	838	863
10	nach	O	O	-	0	2365	2401	841	860
11	Belgien	B-LOC	O	Q31	0	1833	1913	866	889
12	im	O	O	-	0	1936	1961	865	885
13	Jahre	O	O	-	0	1981	2042	865	889
14	1897	O	O	-	0	2065	2112	865	886
15	1498,4	O	O	-	0	2137	2207	865	889
16	,	O	O	-	0	2137	2207	865	889
17	im	O	O	-	0	2230	2255	864	884
18	Jahre	O	O	-	0	2276	2337	863	886
19	1906	O	O	-	0	2359	2401	865	885
20	2763,2	O	O	-	0	1834	1900	891	912
21	Millionen	O	O	-	0	1913	2013	890	910
22	Mark	O	O	-	0	2026	2086	890	912
23	,	O	O	-	0	2026	2086	890	912
24	iſt	O	O	-	0	2105	2128	889	912
25	alſo	O	O	-	0	2140	2179	889	912
26	in	O	O	-	0	2193	2213	890	909
27	zehn	O	O	-	0	2226	2270	889	912
28	Jahren	O	O	-	0	2282	2357	889	912
29	um	O	O	-	0	2376	2401	895	910
30	84	O	O	-	0	1834	1859	916	936
31	pCt.	O	O	-	0	1866	1908	916	937
32	geſtiegen	O	O	-	0	1916	2008	916	940
33	.	O	O	-	0	1916	2008	916	940
0		O	O	-	0	2021	2078	914	935
1	Unter	O	O	-	0	2021	2078	914	935
2	den	O	O	-	0	2087	2121	915	935
3	nach	O	O	-	0	2130	2172	915	937
4	Belgien	B-LOC	O	Q31	0	2181	2261	914	937
5	ausführenden	O	O	-	0	2270	2398	914	937
6	Ländern	O	O	-	0	1834	1920	940	960
7	nimmt	O	O	-	0	1934	1999	942	960
8	Deutſchland	B-LOC	O	Q183	0	2008	2130	940	962
9	die	O	O	-	0	2144	2172	940	960
10	zweite	O	O	-	0	2182	2242	940	962
11	Stelle	O	O	-	0	2253	2313	939	958
12	ein	O	O	-	0	2324	2357	940	959
13	.	O	O	-	0	2324	2357	940	959
0		O	O	-	0	2371	2401	940	960
1	Die	O	O	-	0	2371	2401	940	960
2	Ausfuhr	O	O	-	0	1835	1921	965	988
3	Deutſchlands	B-LOC	O	Q254868	0	1934	2069	965	988
4	iſt	O	O	-	0	2082	2103	965	986
5	von	O	O	-	0	2116	2153	968	985
6	189,2	O	O	-	0	2167	2219	965	988
7	Millionen	O	O	-	0	2232	2333	964	985
8	Mark	O	O	-	0	2353	2401	964	985
9	im	O	O	-	0	1834	1860	991	1010
10	Jahre	O	O	-	0	1873	1934	991	1013
11	1897	O	O	-	0	1948	1996	991	1010
12	auf	O	O	-	0	2013	2045	990	1010
13	355,8	O	O	-	0	2058	2111	991	1013
14	im	O	O	-	0	2130	2156	990	1010
15	Jahre	O	O	-	0	2168	2229	990	1013
16	1906	O	O	-	0	2244	2298	990	1013
17	,	O	O	-	0	2244	2298	990	1013
18	alſo	O	O	-	0	2319	2356	989	1012
19	um	O	O	-	0	2377	2401	996	1010
20	nahezu	O	O	-	0	1835	1906	1016	1039
21	100	O	O	-	0	1920	1956	1017	1036
22	pCt.	O	O	-	0	1969	2011	1015	1038
23	angewachſen	O	O	-	0	2026	2152	1014	1038
24	und	O	O	-	0	2165	2203	1015	1035
25	machte	O	O	-	0	2213	2279	1015	1037
26	in	O	O	-	0	2293	2306	1014	1034
27	letzterem	O	O	-	0	2306	2401	1014	1038
28	Jahre	O	O	-	0	1834	1896	1041	1065
29	13,5	O	O	-	0	1917	1956	1042	1065
30	pCt.	O	O	-	0	1969	2011	1040	1064
31	des	O	O	-	0	2034	2067	1040	1061
32	geſamten	O	O	-	0	2088	2179	1040	1064
33	belgiſchen	O	O	-	0	2202	2298	1040	1068
34	Einfuhrhandels	O	O	-	0	2320	2401	1039	1063
35	aus	O	O	-	0	1934	1976	1068	1087
36	.	O	O	-	0	1934	1976	1068	1087
0		O	O	-	0	2002	2089	1065	1089
1	Hiernach	O	O	-	0	2002	2089	1065	1089
2	dürfte	O	O	-	0	2111	2170	1065	1088
3	es	O	O	-	0	2193	2214	1068	1085
4	im	O	O	-	0	2234	2258	1071	1085
5	gemeinſamer	O	O	-	0	2279	2401	1064	1089
6	Jntereſſe	O	O	-	0	1836	1927	1091	1113
7	unſerer	O	O	-	0	1948	2020	1091	1113
8	Jnduſtrie	O	O	-	0	2041	2137	1090	1113
9	und	O	O	-	0	2163	2201	1090	1110
10	unſeres	O	O	-	0	2227	2302	1089	1113
11	Handels	O	O	-	0	2324	2401	1089	1113
12	liegen	O	O	-	0	1836	1901	1117	1139
13	,	O	O	-	0	1836	1901	1117	1139
14	daß	O	O	-	0	1915	1951	1115	1138
15	in	O	O	-	0	1965	1985	1116	1136
16	der	O	O	-	0	1999	2029	1116	1135
17	deutſchen	O	O	-	0	2043	2133	1115	1138
18	Abteilung	O	O	-	0	2149	2249	1115	1138
19	der	O	O	-	0	2264	2296	1116	1135
20	Brüſſeler	O	O	-	0	2314	2401	1115	1138
21	Weltausſtellung	O	O	-	0	1836	2001	1141	1164
22	ein	O	O	-	0	2015	2044	1141	1160
23	würdiges	O	O	-	0	2058	2151	1141	1164
24	und	O	O	-	0	2165	2202	1141	1159
25	anſchauliches	O	O	-	0	2217	2348	1140	1163
26	Bild	O	O	-	0	2362	2401	1140	1159
27	der	O	O	-	0	1836	1867	1166	1186
28	Leiſtungsfähigkeit	O	O	-	0	1880	2063	1166	1190
29	Deutſchlands	B-LOC	O	Q254868	0	2076	2212	1165	1188
30	auf	O	O	-	0	2226	2258	1164	1187
31	ideellem	O	O	-	0	2271	2351	1165	1185
32	und	O	O	-	0	2370	2401	1166	1185
33	materiellem	O	O	-	0	1836	1954	1192	1212
34	Gebiete	O	O	-	0	1974	2049	1191	1212
35	gegeben	O	O	-	0	2071	2147	1190	1214
36	wird	O	O	-	0	2170	2222	1190	1211
37	.	O	O	-	0	2170	2222	1190	1211
0		O	O	-	0	2249	2296	1190	1213
1	Nach	O	O	-	0	2249	2296	1190	1213
2	dem	O	O	-	0	2319	2358	1190	1210
3	bewährten	O	O	-	0	2380	2401	1190	1211
4	Vorbilde	O	O	-	0	1942	2030	1216	1236
5	bei	O	O	-	0	2055	2083	1215	1236
6	früheren	O	O	-	0	2109	2193	1215	1239
7	Weltausſtellungen	O	O	-	0	2220	2400	1215	1239
8	wird	O	O	-	0	1836	1882	1243	1262
9	auch	O	O	-	0	1909	1950	1241	1264
10	diesmal	O	O	-	0	1977	2057	1241	1261
11	auf	O	O	-	0	2083	2115	1241	1262
12	die	O	O	-	0	2141	2170	1241	1260
13	Vereinigung	O	O	-	0	2194	2320	1240	1264
14	gleichartiger	O	O	-	0	2347	2401	1241	1264
15	Jnduſtrieerzeugniſſe	O	O	-	0	1926	2129	1265	1290
16	zu	O	O	-	0	2151	2174	1271	1290
17	ſachlich	O	O	-	0	2193	2262	1265	1289
18	und	O	O	-	0	2284	2322	1266	1285
19	räumlich	O	O	-	0	2343	2401	1267	1285
20	geſchloſſenen	O	O	-	0	1895	2021	1291	1315
21	Gruppen	O	O	-	0	2047	2136	1291	1313
22	Bedacht	O	O	-	0	2167	2247	1290	1314
23	zu	O	O	-	0	2279	2301	1296	1315
24	nehmen	O	O	-	0	2333	2401	1291	1314
25	und	O	O	-	0	1836	1875	1317	1337
26	andererſeits	O	O	-	0	1889	2009	1317	1339
27	Vorſorge	O	O	-	0	2022	2114	1316	1340
28	zu	O	O	-	0	2128	2149	1321	1339
29	treffen	O	O	-	0	2163	2226	1316	1339
30	ſein	O	O	-	0	2240	2282	1316	1339
31	,	O	O	-	0	2240	2282	1316	1339
32	daß	O	O	-	0	2296	2331	1316	1339
33	in	O	O	-	0	2345	2364	1316	1335
34	der	O	O	-	0	2377	2401	1316	1335
35	deutſchen	O	O	-	0	1837	1927	1342	1365
36	Abteilung	O	O	-	0	1941	2039	1341	1365
37	nur	O	O	-	0	2053	2089	1347	1361
38	wirklich	O	O	-	0	2109	2184	1341	1365
39	ausſtellungswürdige	O	O	-	0	2200	2401	1341	1365
40	Gegenſtände	O	O	-	0	1838	1964	1367	1390
41	vorgeführt	O	O	-	0	1978	2083	1367	1390
42	werden	O	O	-	0	2105	2182	1367	1386
43	.	O	O	-	0	2105	2182	1367	1386
0		O	O	-	0	2209	2245	1366	1386
1	Die	O	O	-	0	2209	2245	1366	1386
2	Durchführung	O	O	-	0	2265	2401	1366	1390
3	dieſer	O	O	-	0	1837	1892	1393	1415
4	Aufgabe	O	O	-	0	1906	1989	1392	1415
5	iſt	O	O	-	0	2001	2022	1392	1415
6	ohne	O	O	-	0	2036	2081	1393	1414
7	Opferwilligkeit	O	O	-	0	2090	2242	1391	1414
8	und	O	O	-	0	2254	2292	1392	1411
9	werktätiger	O	O	-	0	2306	2401	1391	1415
10	Unterſtützung	O	O	-	0	1836	1971	1417	1440
11	der	O	O	-	0	1992	2022	1417	1437
12	maßgebenden	O	O	-	0	2042	2177	1416	1440
13	Kreiſe	O	O	-	0	2195	2254	1416	1438
14	nicht	O	O	-	0	2274	2320	1416	1437
15	zu	O	O	-	0	2340	2362	1421	1439
16	erreichen	O	O	-	0	2382	2399	1422	1436
17	.	O	O	-	0	1836	1909	1443	1465
0		O	O	-	0	1939	1976	1442	1463
1	Die	O	O	-	0	1939	1976	1442	1463
2	Ständige	O	O	-	0	1998	2093	1442	1465
3	Ausſtellungskommiſſion	O	O	-	0	2114	2357	1441	1465
4	für	O	O	-	0	2378	2401	1441	1464
5	die	O	O	-	0	1838	1866	1468	1488
6	Deutſche	B-ORG	O	-	0	1880	1965	1467	1490
7	Jnduſtrie	I-ORG	O	-	0	1978	2074	1467	1490
8	hat	O	O	-	0	2087	2120	1467	1490
9	auf	O	O	-	0	2139	2172	1466	1490
10	Erſuchen	O	O	-	0	2185	2272	1466	1489
11	der	O	O	-	0	2292	2322	1467	1486
12	Reichsverwaltung	B-ORG	O	Q31728	0	2335	2398	1467	1488
13	bereits	O	O	-	0	1967	2034	1493	1512
14	beſchloſſen	O	O	-	0	2047	2154	1491	1516
15	,	O	O	-	0	2047	2154	1491	1516
16	ein	O	O	-	0	2175	2203	1493	1511
17	Deutſches	O	O	-	0	2217	2314	1491	1514
18	Komitee	O	O	-	0	2328	2401	1491	1512
19	für	O	O	-	0	1837	1868	1518	1540
20	die	O	O	-	0	1887	1915	1519	1537
21	Weltausſtellung	O	O	-	0	1935	2099	1518	1540
22	in	O	O	-	0	2118	2137	1517	1537
23	Brüſſel	B-LOC	O	Q9005	0	2151	2224	1516	1540
24	zu	O	O	-	0	2244	2266	1522	1540
25	bilden	O	O	-	0	2285	2352	1516	1540
26	,	O	O	-	0	2285	2352	1516	1540
27	das	O	O	-	0	2373	2401	1517	1537
28	demnächſt	O	O	-	0	1838	1936	1542	1565
29	konſtituiert	O	O	-	0	1950	2060	1543	1564
30	werden	O	O	-	0	2074	2144	1542	1562
31	und	O	O	-	0	2157	2195	1542	1561
32	Hand	O	O	-	0	2209	2264	1542	1565
33	in	O	O	-	0	2277	2298	1542	1561
34	Hand	O	O	-	0	2307	2362	1542	1565
35	mit	O	O	-	0	2377	2399	1542	1562
36	dem	O	O	-	0	1839	1879	1568	1588
37	Reichskommiſſar	O	O	-	0	1892	2058	1568	1591
38	die	O	O	-	0	2067	2095	1568	1587
39	Vorarbeiten	O	O	-	0	2104	2225	1568	1587
40	für	O	O	-	0	2236	2265	1567	1589
41	die	O	O	-	0	2275	2303	1567	1586
42	Weltausſtellung	O	O	-	0	2312	2399	1567	1587
43	durchführen	O	O	-	0	1926	2043	1593	1615
44	wird	O	O	-	0	2051	2102	1593	1613
45	.	O	O	-	0	2051	2102	1593	1613
0		O	O	-	0	2123	2161	1592	1612
1	Der	O	O	-	0	2123	2161	1592	1612
2	Reichskommiſſar	O	O	-	0	2169	2335	1592	1615
3	glaubt	O	O	-	0	2345	2399	1592	1616
4	ſich	O	O	-	0	1837	1868	1619	1641
5	daher	O	O	-	0	1882	1938	1619	1641
6	der	O	O	-	0	1951	1982	1618	1638
7	Hoffnung	O	O	-	0	1994	2089	1618	1641
8	hingeben	O	O	-	0	2103	2192	1617	1641
9	zu	O	O	-	0	2212	2233	1623	1641
10	dürfen	O	O	-	0	2247	2317	1617	1641
11	,	O	O	-	0	2247	2317	1617	1641
12	daß	O	O	-	0	2331	2368	1617	1640
13	bei	O	O	-	0	2381	2400	1617	1637
14	der	O	O	-	0	1838	1868	1644	1663
15	Bedeutung	O	O	-	0	1882	1993	1643	1667
16	und	O	O	-	0	2019	2056	1643	1663
17	Vielſeitigkeit	O	O	-	0	2078	2205	1642	1667
18	der	O	O	-	0	2230	2261	1642	1662
19	in	O	O	-	0	2283	2303	1642	1662
20	Betracht	O	O	-	0	2324	2398	1642	1664
21	kommenden	O	O	-	0	1838	1952	1668	1689
22	deutſchen	O	O	-	0	1966	2055	1668	1691
23	Jntereſſen	O	O	-	0	2068	2172	1667	1691
24	ihm	O	O	-	0	2191	2228	1668	1691
25	und	O	O	-	0	2244	2282	1668	1687
26	dem	O	O	-	0	2297	2336	1668	1687
27	Deutſchen	O	O	-	0	2349	2398	1668	1688
28	Komitee	O	O	-	0	1897	1978	1694	1714
29	die	O	O	-	0	1998	2026	1694	1713
30	wünſchenswerte	O	O	-	0	2046	2205	1693	1717
31	Unterſtützung	O	O	-	0	2223	2359	1693	1717
32	für	O	O	-	0	2378	2398	1692	1715
33	die	O	O	-	0	1838	1866	1719	1739
34	vorliegende	O	O	-	0	1880	1994	1719	1743
35	Aufgabe	O	O	-	0	2008	2091	1718	1743
36	um	O	O	-	0	2107	2137	1724	1738
37	ſo	O	O	-	0	2153	2172	1718	1740
38	weniger	O	O	-	0	2186	2265	1718	1742
39	fehlen	O	O	-	0	2284	2343	1717	1741
40	wird	O	O	-	0	2356	2401	1718	1738
41	als	O	O	-	0	1838	1870	1745	1764
42	durch	O	O	-	0	1884	1935	1745	1766
43	die	O	O	-	0	1955	1984	1745	1764
44	inzwiſchen	O	O	-	0	2003	2104	1744	1766
45	bekanntgewordene	O	O	-	0	2126	2309	1743	1766
46	Verſchiebung	O	O	-	0	2322	2399	1743	1766
47	der	O	O	-	0	1910	1941	1769	1789
48	für	O	O	-	0	1962	1992	1769	1792
49	1912	O	O	-	0	2015	2064	1769	1789
50	geplanten	O	O	-	0	2085	2182	1768	1792
51	Weltausſtellung	O	O	-	0	2205	2368	1768	1792
52	in	O	O	-	0	2390	2401	1768	1788
53	Tokio	B-LOC	O	Q1207735	0	1840	1898	1795	1815
54	auf	O	O	-	0	1920	1953	1794	1815
55	einen	O	O	-	0	1973	2025	1794	1814
56	weſentlich	O	O	-	0	2041	2137	1794	1816
57	ſpäteren	O	O	-	0	2160	2242	1794	1815
58	Zeitpunkt	O	O	-	0	2254	2352	1793	1816
59	eine	O	O	-	0	2370	2398	1793	1813
60	Zuſammenfaſſung	O	O	-	0	1838	2020	1819	1842
61	der	O	O	-	0	2037	2067	1819	1838
62	Kräfte	O	O	-	0	2080	2143	1819	1841
63	für	O	O	-	0	2156	2187	1818	1840
64	den	O	O	-	0	2206	2240	1819	1838
65	internationalen	O	O	-	0	2253	2401	1818	1839
66	Wettbewerb	O	O	-	0	1838	1959	1844	1866
67	in	O	O	-	0	1973	1993	1845	1865
68	Brüſſel	B-LOC	O	Q9005	0	2006	2071	1844	1868
69	erleichtert	O	O	-	0	2072	2188	1843	1866
70	wird	O	O	-	0	2202	2254	1843	1864
71	.	O	O	-	0	2202	2254	1843	1864
0		O	O	-	0	1864	1887	1905	1909
1	—	O	O	-	0	1864	1887	1905	1909
0		O	O		0	1901	1962	1894	1918
1	Durch	O	O	-	0	1901	1962	1894	1918
2	die	O	O	-	0	1982	2010	1894	1915
3	Beſtimmung	O	O	-	0	2030	2155	1894	1918
4	der	O	O	-	0	2172	2204	1893	1914
5	vierten	O	O	-	0	2217	2286	1894	1915
6	Anweiſung	O	O	-	0	2299	2401	1894	1918
7	zur	O	O	-	0	1838	1871	1925	1943
8	Ausführung	O	O	-	0	1883	2007	1920	1943
9	des	O	O	-	0	2027	2060	1920	1940
10	Volksſchulunterhaltungsgeſetzes	O	O	-	0	2079	2401	1920	1943
11	daß	O	O	-	0	1838	1875	1945	1967
12	in	O	O	-	0	1901	1920	1946	1966
13	den	O	O	-	0	1946	1980	1945	1965
14	von	O	O	-	0	2007	2044	1948	1965
15	der	O	O	-	0	2069	2100	1945	1965
16	Schulaufſichtsbebörde	O	O	-	0	2122	2342	1945	1967
17	aus	O	O	-	0	2365	2400	1948	1965
18	zufertigenden	O	O	-	0	1838	1973	1971	1994
19	Ernennungsurkunden	O	O	-	0	1986	2260	1970	1994
20	für	O	O	-	0	2280	2303	1971	1993
21	Lehrer	O	O	-	0	2307	2397	1971	1994
22	und	O	O	-	0	1837	1882	1997	2015
23	Lehrerinnen	O	O	-	0	1908	2062	1996	2018
24	die	O	O	-	0	2087	2115	1995	2015
25	Anſtellung	O	O	-	0	2141	2247	1995	2020
26	lediglich	O	O	-	0	2274	2354	1996	2020
27	für	O	O	-	0	2380	2400	1995	2018
28	den	O	O	-	0	1838	1872	2021	2041
29	Schulverband	O	O	-	0	1905	2043	2020	2043
30	auszuſprechen	O	O	-	0	2065	2204	2020	2043
31	iſt	O	O	-	0	2230	2256	2020	2043
32	,	O	O	-	0	2230	2256	2020	2043
33	ſoll	O	O	-	0	2279	2313	2020	2043
34	an	O	O	-	0	2332	2356	2026	2041
35	den	O	O	-	0	2376	2401	2020	2040
36	Rechtsverhältniſſen	O	O	-	0	1838	2035	2046	2069
37	der	O	O	-	0	2060	2091	2045	2066
38	Lehrer	O	O	-	0	2122	2189	2046	2069
39	und	O	O	-	0	2214	2252	2046	2065
40	ihren	O	O	-	0	2276	2327	2046	2069
41	dienſtlichen	O	O	-	0	2347	2401	2046	2069
42	Verpflichtungen	O	O	-	0	1912	2071	2072	2094
43	nichts	O	O	-	0	2090	2147	2070	2094
44	geändert	O	O	-	0	2162	2248	2071	2094
45	werden	O	O	-	0	2261	2339	2071	2091
46	.	O	O	-	0	2261	2339	2071	2091
0		O	O	-	0	2366	2400	2071	2091
1	Dieſelben	O	O	-	0	2366	2400	2071	2091
2	richten	O	O	-	0	1906	1971	2097	2118
3	ſich	O	O	-	0	1980	2009	2093	2118
4	vielmehr	O	O	-	0	2018	2104	2096	2118
5	nach	O	O	-	0	2113	2154	2096	2118
6	den	O	O	-	0	2165	2200	2096	2116
7	Geſetzen	O	O	-	0	2209	2289	2095	2118
8	und	O	O	-	0	2298	2335	2096	2116
9	den	O	O	-	0	2346	2380	2095	2116
10	zu	O	O	-	0	2389	2401	2101	2118
11	ihrer	O	O	-	0	1837	1886	2122	2145
12	Ausführung	O	O	-	0	1906	2028	2121	2145
13	erlaſſenen	O	O	-	0	2051	2149	2121	2144
14	Anordnungen	O	O	-	0	2170	2310	2121	2145
15	(	O	O	-	0	2331	2401	2121	2145
16	Dienſtinſtruktionen	O	O	-	0	2331	2401	2121	2145
17	,	O	O	-	0	1837	1972	2146	2170
18	Beſoldungsordnungen	O	O	-	0	1987	2216	2146	2170
19	uſw.	O	O	-	0	2228	2287	2146	2169
20	)	O	O	-	0	2228	2287	2146	2169
21	.	O	O	-	0	2228	2287	2146	2169
0		O	O	-	0	2304	2359	2146	2170
1	Daher	O	O	-	0	2304	2359	2146	2170
2	behält	O	O	-	0	2360	2400	2146	2165
3	die	O	O	-	0	1891	1918	2172	2191
4	Beſtimmung	O	O	-	0	1932	2064	2172	2195
5	,	O	O	-	0	1932	2064	2172	2195
6	daß	O	O	-	0	2085	2120	2172	2193
7	die	O	O	-	0	2140	2158	2172	2191
8	feſte	O	O	-	0	2160	2228	2171	2194
9	Anſtellung	O	O	-	0	2242	2348	2171	2195
10	einer	O	O	-	0	2363	2398	2172	2191
11	Lehrerin	O	O	-	0	1837	1923	2197	2219
12	im	O	O	-	0	1936	1961	2197	2216
13	Falle	O	O	-	0	1974	2027	2197	2220
14	ihrer	O	O	-	0	2041	2088	2195	2219
15	Verheiratung	O	O	-	0	2095	2230	2196	2220
16	mit	O	O	-	0	2240	2273	2197	2216
17	dem	O	O	-	0	2282	2321	2197	2216
18	Schluſſ	O	O	-	0	2329	2399	2195	2219
19	des	O	O	-	0	1837	1871	2222	2242
20	Schuljahres	O	O	-	0	1894	2015	2222	2244
21	ihr	O	O	-	0	2037	2066	2222	2244
22	Ende	O	O	-	0	2088	2128	2221	2242
23	erreicht	O	O	-	0	2130	2232	2222	2244
24	,	O	O	-	0	2130	2232	2222	2244
25	auch	O	O	-	0	2255	2296	2222	2244
26	fernerhin	O	O	-	0	2319	2401	2221	2244
27	Gültigkeit	O	O	-	0	1838	1944	2247	2270
28	.	O	O	-	0	1838	1944	2247	2270
0		O	O	-	0	1959	2028	2247	2270
1	Ebenſo	O	O	-	0	1959	2028	2247	2270
2	bleibt	O	O	-	0	2042	2097	2247	2266
3	der	O	O	-	0	2111	2141	2247	2267
4	Satz	O	O	-	0	2149	2193	2247	2270
5	beſtehen	O	O	-	0	2204	2288	2237	2270
6	,	O	O	-	0	2204	2288	2237	2270
7	daß	O	O	-	0	2298	2334	2247	2270
8	Lehrer	O	O	-	0	2345	2399	2247	2268
9	und	O	O	-	0	1838	1876	2272	2292
10	Lehrerinnen	O	O	-	0	1896	2019	2272	2296
11	hinſichtlich	O	O	-	0	2038	2141	2271	2295
12	einer	O	O	-	0	2162	2211	2272	2291
13	Kündigung	O	O	-	0	2229	2342	2272	2296
14	ihrer	O	O	-	0	2363	2400	2272	2296
15	Stelle	O	O	-	0	1838	1898	2297	2317
16	an	O	O	-	0	1913	1937	2303	2317
17	eine	O	O	-	0	1950	1989	2297	2317
18	dreimonatige	O	O	-	0	2002	2133	2297	2321
19	Kündigungsfriſt	O	O	-	0	2142	2307	2296	2321
20	gebunden	O	O	-	0	2317	2401	2296	2321
21	ſind	O	O	-	0	1837	1875	2322	2345
22	uſw.	O	O	-	0	1889	1931	2321	2345
0		O	O		0	1946	1992	2321	2342
1	Eine	O	O	-	0	1946	1992	2321	2342
2	ausdrückliche	O	O	-	0	2006	2135	2322	2345
3	Aufnahme	O	O	-	0	2148	2252	2321	2345
4	dieſer	O	O	-	0	2266	2321	2321	2345
5	Beſtimmungen	O	O	-	0	2334	2400	2321	2345
6	in	O	O	-	0	1936	1956	2347	2367
7	die	O	O	-	0	1976	2004	2347	2367
8	Anſtellungsurkunden	O	O	-	0	2023	2235	2347	2370
9	war	O	O	-	0	2256	2296	2351	2368
10	auch	O	O	-	0	2313	2354	2347	2370
11	nach	O	O	-	0	2368	2401	2347	2366
12	dem	O	O	-	0	1837	1877	2373	2392
13	bisherigen	O	O	-	0	1894	1999	2372	2395
14	Rechte	O	O	-	0	2018	2081	2372	2394
15	nicht	O	O	-	0	2100	2146	2372	2394
16	unbedingt	O	O	-	0	2167	2269	2373	2395
17	erforderlich	O	O	-	0	2291	2401	2372	2394
18	um	O	O	-	0	1836	1868	2403	2417
19	den	O	O	-	0	1882	1915	2397	2417
20	Lehrern	O	O	-	0	1934	2014	2396	2420
21	gegenüber	O	O	-	0	2034	2134	2397	2420
22	bindend	O	O	-	0	2156	2235	2396	2417
23	zu	O	O	-	0	2257	2279	2402	2420
24	ſein	O	O	-	0	2300	2343	2397	2419
25	.	O	O	-	0	2300	2343	2397	2419
0		O	O	-	0	2370	2401	2397	2417
1	Der	O	O	-	0	2370	2401	2397	2417
2	Miniſter	O	O	-	0	1836	1922	2422	2445
3	der	O	O	-	0	1940	1971	2423	2442
4	geiſtlichen	O	O	-	0	1991	2093	2422	2446
5	,	O	O	-	0	1991	2093	2422	2446
6	Unterrichts⸗	O	O	-	0	2107	2228	2422	2445
7	uſw.	O	O	-	0	2240	2285	2422	2445
8	Angelegenheiten	O	O	-	0	2299	2400	2422	2446
9	erklärt	O	O	-	0	1910	1974	2447	2468
10	ſich	O	O	-	0	1989	2018	2447	2471
11	jedoch	O	O	-	0	2032	2090	2447	2471
12	damit	O	O	-	0	2104	2161	2447	2467
13	einverſtanden	O	O	-	0	2176	2317	2447	2471
14	,	O	O	-	0	2176	2317	2447	2471
15	daß	O	O	-	0	2332	2368	2447	2471
16	ein	O	O	-	0	2382	2401	2447	2466
17	Hinweis	O	O	-	0	1836	1922	2473	2494
18	auf	O	O	-	0	1948	1980	2472	2496
19	derartige	O	O	-	0	2000	2090	2472	2496
20	Beſtimmungen	O	O	-	0	2111	2260	2472	2496
21	in	O	O	-	0	2279	2300	2473	2492
22	den	O	O	-	0	2319	2353	2472	2492
23	Anſtellungsurkunden	O	O	-	0	2373	2398	2472	2492
24	einſtweilen	O	O	-	0	2044	2153	2497	2520
25	noch	O	O	-	0	2176	2217	2497	2520
26	erfolgt	O	O	-	0	2238	2310	2497	2521
27	,	O	O	-	0	2238	2310	2497	2521
28	bis	O	O	-	0	2331	2361	2498	2518
29	die	O	O	-	0	2382	2399	2497	2517
30	Regierung	O	O	-	0	1836	1941	2523	2547
31	eine	O	O	-	0	1956	1994	2523	2543
32	Dienſtinſtruktion	O	O	-	0	2014	2186	2522	2545
33	herausgegeben	O	O	-	0	2206	2352	2522	2547
34	hat	O	O	-	0	2372	2401	2522	2545
35	in	O	O	-	0	1836	1857	2548	2568
36	welcher	O	O	-	0	1877	1948	2548	2570
37	alle	O	O	-	0	1975	2009	2548	2567
38	dieſe	O	O	-	0	2032	2076	2547	2570
39	Vorſchriften	O	O	-	0	2098	2219	2547	2571
40	zuſammengeſtellt	O	O	-	0	2242	2399	2547	2571
41	ſind	O	O	-	0	1836	1882	2573	2597
42	.	O	O	-	0	1836	1882	2573	2597
0		O	O	-	0	1908	1947	2572	2594
1	Auf	O	O	-	0	1908	1947	2572	2594
2	dieſe	O	O	-	0	1959	2004	2572	2596
3	wird	O	O	-	0	2022	2068	2573	2592
4	alsdann	O	O	-	0	2086	2169	2573	2592
5	in	O	O	-	0	2188	2209	2573	2593
6	den	O	O	-	0	2228	2263	2572	2594
7	Anſtellungsurkunden	O	O	-	0	2282	2401	2572	2597
8	Bezug	O	O	-	0	1942	2005	2598	2622
9	zu	O	O	-	0	2020	2041	2603	2621
10	nehmen	O	O	-	0	2054	2116	2597	2622
11	ſein	O	O	-	0	2117	2186	2597	2622
12	.	O	O	-	0	2117	2186	2597	2622
0		O	O	-	0	1861	1885	2658	2663
1	—	O	O	-	0	1861	1885	2658	2663
0		O	O		0	1899	1936	2648	2669
1	Die	O	O	-	0	1899	1936	2648	2669
2	Tragbetten	O	O	-	0	1949	2091	2648	2672
3	zur	O	O	-	0	2104	2137	2653	2672
4	Beförderung	O	O	-	0	2145	2275	2648	2673
5	der	O	O	-	0	2289	2320	2649	2669
6	Kranken	O	O	-	0	2328	2401	2648	2670
7	ſind	O	O	-	0	1835	1875	2673	2697
8	im	O	O	-	0	1894	1919	2674	2693
9	letzten	O	O	-	0	1940	2000	2673	2697
10	Jahre	O	O	-	0	2019	2081	2674	2697
11	bei	O	O	-	0	2100	2128	2674	2694
12	faſt	O	O	-	0	2147	2181	2674	2697
13	allen	O	O	-	0	2202	2250	2675	2694
14	Eiſenbahndirektionen	O	O	-	0	2270	2401	2674	2697
15	häufiger	O	O	-	0	2000	2084	2698	2722
16	benutzt	O	O	-	0	2105	2173	2699	2722
17	worden	O	O	-	0	2194	2268	2700	2719
18	als	O	O	-	0	2291	2321	2700	2720
19	früher	O	O	-	0	2343	2401	2699	2721
0		O	O		0	1835	1875	2723	2744
1	Der	O	O	-	0	1835	1875	2723	2744
2	Miniſter	O	O	-	0	1889	1975	2723	2746
3	der	O	O	-	0	1988	2019	2723	2744
4	öffentlichen	O	O	-	0	2037	2148	2723	2746
5	Arbeiten	O	O	-	0	2163	2248	2724	2744
6	hat	O	O	-	0	2270	2300	2725	2745
7	daher	O	O	-	0	2315	2368	2725	2746
8	die	O	O	-	0	2382	2401	2723	2742
9	Eiſenbahndirektionen	O	O	-	0	1835	2051	2748	2772
10	beauftragt	O	O	-	0	2065	2177	2748	2773
11	,	O	O	-	0	2065	2177	2748	2773
12	von	O	O	-	0	2191	2228	2753	2769
13	Zeit	O	O	-	0	2240	2280	2749	2773
14	zu	O	O	-	0	2293	2315	2755	2773
15	Zeit	O	O	-	0	2328	2368	2750	2773
16	erneut	O	O	-	0	2382	2401	2753	2768
17	auf	O	O	-	0	1902	1934	2774	2797
18	dieſe	O	O	-	0	1956	2001	2774	2797
19	Einrichtung	O	O	-	0	2015	2133	2773	2797
20	aufmerkſam	O	O	-	0	2156	2273	2774	2797
21	zu	O	O	-	0	2297	2319	2780	2797
22	machen	O	O	-	0	2340	2399	2774	2795
23	und	O	O	-	0	1834	1873	2799	2818
24	beſonders	O	O	-	0	1887	1985	2798	2822
25	den	O	O	-	0	2004	2039	2798	2818
26	der	O	O	-	0	2060	2090	2800	2819
27	Krankenpflege	O	O	-	0	2104	2245	2799	2822
28	dienenden	O	O	-	0	2260	2358	2800	2819
29	Anſtalten	O	O	-	0	2372	2401	2800	2818
30	,	O	O	-	0	1834	1906	2823	2847
31	Badedirektionen	O	O	-	0	1920	2086	2824	2844
32	und	O	O	-	0	2107	2151	2824	2848
33	,	O	O	-	0	2107	2151	2824	2848
34	ſoweit	O	O	-	0	2174	2236	2824	2846
35	angängig	O	O	-	0	2254	2353	2825	2848
36	,	O	O	-	0	2254	2353	2825	2848
37	der	O	O	-	0	2375	2401	2823	2842
38	Gemeindeſchweſtern	O	O	-	0	1835	2036	2849	2872
39	von	O	O	-	0	2053	2090	2853	2869
40	dieſer	O	O	-	0	2110	2165	2849	2872
41	Einrichtung	O	O	-	0	2186	2303	2849	2873
42	Kenntnis	O	O	-	0	2317	2401	2848	2870
43	zu	O	O	-	0	1834	1857	2879	2897
44	geben	O	O	-	0	1870	1931	2874	2898
45	,	O	O	-	0	1870	1931	2874	2898
46	damit	O	O	-	0	1955	2012	2874	2894
47	ſie	O	O	-	0	2033	2057	2873	2898
48	auf	O	O	-	0	2079	2111	2874	2897
49	die	O	O	-	0	2131	2159	2874	2894
50	Benutzung	O	O	-	0	2173	2280	2874	2898
51	der	O	O	-	0	2298	2328	2877	2894
52	Betten	O	O	-	0	2342	2401	2874	2893
53	für	O	O	-	0	1834	1864	2898	2922
54	Kranke	O	O	-	0	1877	1947	2899	2919
55	in	O	O	-	0	1961	1981	2899	2919
56	geeigneten	O	O	-	0	1994	2097	2900	2923
57	Fällen	O	O	-	0	2111	2179	2899	2923
58	hinweiſen	O	O	-	0	2192	2290	2899	2923
59	können	O	O	-	0	2303	2376	2900	2919
60	.	O	O	-	0	2303	2376	2900	2919
0		O	O	-	0	1859	1883	2959	2964
1	—	O	O	-	0	1859	1883	2959	2964
0		O	O		0	1896	1939	2949	2970
1	Die	O	O	-	0	1896	1939	2949	2970
2	Vereinigung	O	O	-	0	1952	2109	2949	2973
3	der	O	O	-	0	2123	2162	2949	2970
4	polniſchen	O	O	-	0	2174	2300	2950	2973
5	Berufsorganiſationen	O	O	-	0	2310	2401	2948	2972
6	Poſens	B-LOC	O	Q109031	0	2051	2139	2975	2998
7	und	O	O	-	0	2166	2210	2975	2995
8	Weſtfalens	B-LOC	O	Q8614	0	2230	2350	2975	2998
9	iſt	O	O	-	0	2354	2401	2972	2995
10	vollzogen	O	O	-	0	1833	1934	3000	3023
11	.	O	O	-	0	1833	1934	3000	3023
0		O	O	-	0	1965	2005	3000	3021
1	Der	O	O	-	0	1965	2005	3000	3021
2	neue	O	O	-	0	2024	2069	3005	3019
3	Polniſche	B-ORG	O	-	0	2089	2184	2999	3023
4	Berufsverband	O	O	-	0	2203	2356	3000	3023
5	hat	O	O	-	0	2375	2401	2998	3022
6	ſeinen	O	O	-	0	1832	1892	3024	3047
7	Sitz	O	O	-	0	1915	1954	3024	3048
8	in	O	O	-	0	1976	1996	3025	3045
9	Bochum	B-LOC	O	Q2103	0	2018	2104	3024	3046
10	.	O	O	-	0	2018	2104	3024	3046
0		O	O	-	0	2131	2180	3024	3045
1	Vom	O	O	-	0	2131	2180	3024	3045
2	1.	O	O	-	0	2195	2212	3026	3046
3	Januar	O	O	-	0	2223	2303	3026	3048
4	1909	O	O	-	0	2318	2363	3025	3045
5	ab	O	O	-	0	2382	2401	3022	3042
6	wird	O	O	-	0	1833	1879	3049	3069
7	ein	O	O	-	0	1901	1930	3049	3070
8	neues	O	O	-	0	1952	2010	3051	3070
9	Verbandsorgan	O	O	-	0	2025	2186	3049	3074
10	„	O	O	-	0	2209	2276	3052	3074
11	Sita	B-ORG	O	-	0	2209	2276	3052	3074
12	“	O	O	-	0	2209	2276	3052	3074
13	(	O	O	-	0	2291	2358	3050	3074
14	Kraft	B-ORG	O	Q1347995	0	2291	2358	3050	3074
15	)	O	O	-	0	2291	2358	3050	3074
16	erſcheinen	O	O	-	0	2379	2401	3052	3067
17	und	O	O	-	0	1930	1969	3075	3094
18	das	O	O	-	0	1989	2011	3075	3094
19	bisherige	O	O	-	0	2014	2130	3075	3098
20	ſein	O	O	-	0	2144	2180	3075	3097
21	Erſcheinen	O	O	-	0	2195	2286	3075	3098
22	einſtellen	O	O	-	0	2286	2401	3073	3098
23	.	O	O	-	0	2286	2401	3073	3098
0		O	O	-	0	1833	1869	3099	3119
1	Die	O	O	-	0	1833	1869	3099	3119
2	Hoffnung	O	O	-	0	1892	1994	3099	3123
3	,	O	O	-	0	1892	1994	3099	3123
4	auch	O	O	-	0	2017	2060	3100	3122
5	die	O	O	-	0	2082	2110	3100	3119
6	ſchleſiſchen	O	O	-	0	2132	2235	3099	3124
7	Organiſationen	O	O	-	0	2249	2401	3099	3124
8	dem	O	O	-	0	1831	1871	3124	3145
9	neuen	O	O	-	0	1891	1950	3130	3145
10	Verbande	O	O	-	0	1964	2060	3124	3145
11	einzuverleiben	O	O	-	0	2081	2230	3124	3150
12	,	O	O	-	0	2081	2230	3124	3150
13	dürfte	O	O	-	0	2251	2310	3126	3148
14	an	O	O	-	0	2330	2354	3129	3145
15	dem	O	O	-	0	2366	2401	3123	3143
16	Widerſtande	O	O	-	0	1831	1958	3149	3171
17	des	O	O	-	0	1980	2014	3150	3169
18	chriſtlichen	O	O	-	0	2028	2132	3149	3172
19	Arbeitervereins	O	O	-	0	2146	2303	3150	3172
20	und	O	O	-	0	2317	2353	3150	3171
21	dem	O	O	-	0	2366	2401	3148	3168
22	Einfluſſe	O	O	-	0	1831	1919	3174	3199
23	des	O	O	-	0	1934	1968	3175	3195
24	Klerus	O	O	-	0	1980	2049	3174	3196
25	ſcheitern	O	O	-	0	2063	2149	3174	3199
26	.	O	O	-	0	2063	2149	3174	3199