No.	TOKEN	NE-TAG	NE-EMB	GND-ID	url_id	left	right	top	bottom
# http://content.staatsbibliothek-berlin.de/zefys/SNP27058621-19360911-0-1-0-0/left,top,width,height/full/0/default.jpg
0		O	O		0	229	328	3104	3129
1	Weſchner	B-PER	O	-	0	229	328	3104	3129
2	,	O	O	-	0	229	328	3104	3129
3	Lazarus	B-PER	O	-	0	340	424	3108	3130
4	Abrahamsſohn	I-PER	O	-	0	438	589	3109	3132
5	—	O	O	-	0	601	605	3121	3123
6	Leiter	O	O	-	0	605	698	3111	3131
7	des	O	O	-	0	711	730	3112	3131
8	ſtaatl.	O	O	-	0	733	815	3113	3133
9	Galanterie=	O	O	-	0	828	866	3113	3132
10	und	O	O	-	0	381	418	3133	3152
11	Strickwarenhandels	O	O	-	0	435	644	3133	3156
12	.	O	O	-	0	435	644	3133	3156
0		O	O	-	0	307	720	161	202
1	Sonderausgabe	O	O	-	0	307	720	161	202
0		O	O		0	245	447	208	271
1	Deutſches	B-ORG	O	-	0	245	447	208	271
2	Nachrichtenbüro	I-ORG	O	-	0	457	882	210	269
0		O	O	-	0	246	284	300	329
1	(	O	O	-	0	246	284	300	329
2	Als	O	O	-	0	246	284	300	329
3	Manuſkript	O	O	-	0	299	405	300	320
4	gedruckt	O	O	-	0	420	496	300	320
5	,	O	O	-	0	420	496	300	320
6	Nachdruck	O	O	-	0	516	604	300	320
7	und	O	O	-	0	623	657	300	317
8	jede	O	O	-	0	672	707	300	320
9	Art	O	O	-	0	721	753	300	317
10	Verbreitung	O	O	-	0	767	881	301	322
11	ohne	O	O	-	0	310	352	322	342
12	Vereinbarung	O	O	-	0	364	494	321	342
13	unterſagt	O	O	-	0	506	598	322	342
14	.	O	O	-	0	506	598	322	342
0		O	O	-	0	622	672	322	342
1	Ohne	O	O	-	0	622	672	322	342
2	alle	O	O	-	0	684	716	322	339
3	Gewähr	O	O	-	0	730	814	322	343
4	)	O	O	-	0	730	814	322	343
0		O	O		0	349	550	495	537
1	Parteitag	O	O	-	0	349	550	495	537
2	der	O	O	-	0	574	640	497	530
3	Ehre	O	O	-	0	663	776	496	537
4	.	O	O	-	0	663	776	496	537
0		O	O		0	247	283	549	570
1	Die	O	O	-	0	247	283	549	570
2	Rede	O	O	-	0	295	344	550	570
3	Alfred	B-PER	O	-	0	357	420	550	573
4	Roſenbergs	I-PER	O	-	0	434	549	550	573
5	auf	O	O	-	0	563	595	551	573
6	dem	O	O	-	0	607	647	551	571
7	Parteikongreß	O	O	-	0	660	812	543	573
8	.	O	O	-	0	660	812	543	573
0		O	O	-	0	441	564	584	607
1	(	O	O	-	0	441	564	584	607
2	Fortſetzung	O	O	-	0	441	564	584	607
3	von	O	O	-	0	576	612	588	605
4	Sonderausgabe	O	O	-	0	625	785	585	608
5	Nr.	O	O	-	0	798	832	585	606
6	15	O	O	-	0	844	874	585	608
7	)	O	O	-	0	844	874	585	608
0		O	O		0	283	358	619	641
1	„	O	O	-	0	283	358	619	641
2	Dieſer	O	O	-	0	283	358	619	641
3	Diplomat	O	O	-	0	372	461	620	642
4	iſt	O	O	-	0	463	505	621	642
5	der	O	O	-	0	518	549	621	640
6	ehemalige	O	O	-	0	563	663	621	642
7	britiſche	O	O	-	0	675	756	621	642
8	Botſchafter	O	O	-	0	769	880	621	642
0		O	O		0	230	319	3154	3178
1	Ganelin	B-PER	O	-	0	230	319	3154	3178
2	,	O	O	-	0	230	319	3154	3178
3	Jsrael	B-PER	O	-	0	330	399	3156	3178
4	E.	I-PER	O	-	0	411	431	3157	3177
5	—	O	O	-	0	442	466	3168	3170
6	Direktor	O	O	-	0	477	564	3158	3178
7	des	O	O	-	0	575	607	3159	3179
8	Schweinezuchttruſts	O	O	-	0	619	822	3160	3183
9	der	O	O	-	0	834	865	3162	3181
0		O	O		0	242	262	643	663
1	in	O	O	-	0	242	262	643	663
2	Berlin	B-LOC	O	-	0	273	345	644	665
3	,	O	O	-	0	273	345	644	665
4	Lord	B-PER	O	-	0	357	422	644	663
5	d'	B-PER	O	-	0	357	422	644	663
6	Abernon	O	O	-	0	434	593	644	664
7	.	O	O	-	0	434	593	644	664
0		O	O	-	0	616	632	645	666
1	Jn	O	O	-	0	616	632	645	666
2	ſeinen	O	O	-	0	633	718	645	666
3	Erinnerungen	O	O	-	0	730	874	645	666
4	hat	O	O	-	0	241	273	668	689
5	er	O	O	-	0	284	302	674	687
6	mehr	O	O	-	0	313	364	668	695
7	als	O	O	-	0	374	403	669	687
8	einmal	O	O	-	0	414	483	669	688
9	darauf	O	O	-	0	494	552	669	688
10	hingewieſen	O	O	-	0	554	698	669	691
11	,	O	O	-	0	554	698	669	691
12	daß	O	O	-	0	709	744	670	691
13	das	O	O	-	0	755	788	670	689
14	jüdiſche	O	O	-	0	800	874	670	691
15	Element	O	O	-	0	242	327	691	711
16	in	O	O	-	0	343	363	698	712
17	Sowjetrußland	B-LOC	O	-	0	380	535	693	714
18	herrſchend	O	O	-	0	552	653	693	715
19	ſei	O	O	-	0	671	695	693	715
20	und	O	O	-	0	711	737	699	713
21	ſich	O	O	-	0	739	795	694	715
22	weiter	O	O	-	0	812	875	693	713
23	verſtärke	O	O	-	0	242	336	716	738
24	.	O	O	-	0	242	336	716	738
0		O	O	-	0	360	386	717	736
1	Er	O	O	-	0	360	386	717	736
2	hat	O	O	-	0	397	428	717	738
3	weiter	O	O	-	0	440	503	717	736
4	geſchrieben	O	O	-	0	515	629	717	739
5	,	O	O	-	0	515	629	717	739
6	daß	O	O	-	0	641	676	718	739
7	gerade	O	O	-	0	689	754	718	739
8	die	O	O	-	0	765	794	718	737
9	großen	O	O	-	0	806	875	719	739
10	Juden	O	O	-	0	243	308	740	762
11	in	O	O	-	0	321	341	740	759
12	Deutſchland	B-LOC	O	-	0	354	474	740	762
13	eine	O	O	-	0	489	528	741	759
14	Sympathie	O	O	-	0	541	654	741	763
15	für	O	O	-	0	668	699	741	763
16	dieſes	O	O	-	0	713	770	741	763
17	Rußland	B-LOC	O	-	0	784	872	742	763
18	und	O	O	-	0	245	282	764	783
19	ſeine	O	O	-	0	294	341	764	786
20	Juden	O	O	-	0	351	417	765	787
21	äußerten	O	O	-	0	428	522	765	787
22	.	O	O	-	0	428	522	765	787
0		O	O	-	0	535	561	765	784
1	Es	O	O	-	0	535	561	765	784
2	wurde	O	O	-	0	572	635	765	784
3	immer	O	O	-	0	646	712	765	785
4	„	O	O	-	0	725	757	771	787
5	eng	O	O	-	0	725	757	771	787
6	geſpielt	O	O	-	0	760	874	766	788
7	“	O	O	-	0	760	874	766	788
8	,	O	O	-	0	760	874	766	788
9	wie	O	O	-	0	243	277	789	808
10	ein	O	O	-	0	294	323	789	809
11	ehemaliges	O	O	-	0	340	451	790	812
12	großjüdiſches	O	O	-	0	468	601	790	812
13	Blatt	O	O	-	0	618	671	791	810
14	in	O	O	-	0	687	708	791	810
15	Berlin	B-LOC	O	-	0	724	791	791	810
16	es	O	O	-	0	808	827	793	810
17	vor	O	O	-	0	844	876	794	810
18	vielen	O	O	-	0	242	301	813	833
19	Jahren	O	O	-	0	320	394	813	835
20	treffend	O	O	-	0	413	492	814	836
21	gekennzeichnet	O	O	-	0	513	656	814	836
22	hat	O	O	-	0	675	712	815	836
23	.	O	O	-	0	675	712	815	836
0		O	O	-	0	743	773	815	836
1	Jn	O	O	-	0	743	773	815	836
2	unſerem	O	O	-	0	792	876	816	836
3	Kampfe	O	O	-	0	204	311	837	859
4	ſind	O	O	-	0	312	370	838	859
5	wir	O	O	-	0	384	419	838	858
6	nicht	O	O	-	0	432	477	838	860
7	müde	O	O	-	0	490	544	838	858
8	geworden	O	O	-	0	557	654	839	861
9	darauf	O	O	-	0	666	734	840	861
10	hinzuweiſen	O	O	-	0	747	875	839	861
11	,	O	O	-	0	747	875	839	861
12	daß	O	O	-	0	241	276	861	883
13	alle	O	O	-	0	289	323	862	881
14	dieſe	O	O	-	0	336	381	862	883
15	Juden	O	O	-	0	393	465	862	884
16	,	O	O	-	0	393	465	862	884
17	die	O	O	-	0	477	506	863	882
18	ſich	O	O	-	0	518	548	863	884
19	zu	O	O	-	0	561	582	868	884
20	Anfang	O	O	-	0	596	672	863	885
21	in	O	O	-	0	684	708	863	885
22	Sowietrußland	B-LOC	O	-	0	718	874	863	885
23	zuſammenfanden	O	O	-	0	241	420	885	908
24	,	O	O	-	0	241	420	885	908
25	wie	O	O	-	0	435	469	886	906
26	Trotzki	B-PER	O	-	0	483	594	886	909
27	,	O	O	-	0	483	594	886	909
28	Sinowjew	B-PER	O	-	0	608	768	887	909
29	,	O	O	-	0	608	768	887	909
30	Litwinow	B-PER	O	-	0	782	876	888	907
31	,	O	O	-	0	240	307	913	931
32	Steklow	B-PER	O	-	0	327	458	910	932
33	,	O	O	-	0	327	458	910	932
34	Serdlow	B-PER	O	-	0	477	602	910	930
35	uſw.	O	O	-	0	622	660	912	933
36	nicht	O	O	-	0	662	732	912	933
37	zufällig	O	O	-	0	752	829	912	933
38	da	O	O	-	0	848	871	912	931
39	waren	O	O	-	0	239	308	936	956
40	,	O	O	-	0	239	308	936	956
41	ſondern	O	O	-	0	327	404	934	956
42	aus	O	O	-	0	423	459	937	954
43	allen	O	O	-	0	478	527	935	955
44	Staaten	O	O	-	0	546	629	936	955
45	zuſammenkamen	O	O	-	0	643	823	936	957
46	,	O	O	-	0	643	823	936	957
47	um	O	O	-	0	843	875	942	956
48	durch	O	O	-	0	241	293	958	980
49	eine	O	O	-	0	313	353	958	978
50	in	O	O	-	0	372	392	959	978
51	der	O	O	-	0	412	443	959	978
52	Weltgeſchichte	O	O	-	0	463	603	959	981
53	nicht	O	O	-	0	622	669	960	981
54	dageweſene	O	O	-	0	688	802	960	981
55	Ausrottung	O	O	-	0	823	873	961	980
56	Rache	O	O	-	0	335	392	983	1005
57	an	O	O	-	0	410	434	989	1003
58	der	O	O	-	0	452	471	984	1002
59	verzweifelten	O	O	-	0	475	635	984	1005
60	ruſſiſchen	O	O	-	0	653	746	984	1006
61	Nation	O	O	-	0	764	835	985	1004
62	zu	O	O	-	0	854	875	990	1006
63	nehmen	O	O	-	0	238	323	1007	1029
64	,	O	O	-	0	238	323	1007	1029
65	die	O	O	-	0	338	366	1007	1026
66	dieſes	O	O	-	0	387	444	1007	1029
67	Wüſtenvolk	O	O	-	0	465	580	1008	1029
68	inſtinktiv	O	O	-	0	600	693	1008	1030
69	ſtets	O	O	-	0	714	757	1009	1030
70	abgelehnt	O	O	-	0	779	875	1009	1030
71	hatte	O	O	-	0	238	294	1031	1052
72	.	O	O	-	0	238	294	1031	1052
0		O	O	-	0	275	315	1055	1077
1	„	O	O	-	0	275	315	1055	1077
2	Jm	O	O	-	0	275	315	1055	1077
3	vergangenen	O	O	-	0	315	463	1057	1077
4	Jahr	O	O	-	0	475	514	1056	1077
5	ſind	O	O	-	0	517	575	1057	1078
6	von	O	O	-	0	588	624	1059	1076
7	dieſer	O	O	-	0	636	692	1056	1078
8	Stelle	O	O	-	0	705	765	1057	1076
9	aus	O	O	-	0	777	813	1060	1076
10	zahl—reiche	O	O	-	0	826	873	1058	1078
11	Nachweiſe	O	O	-	0	306	407	1079	1101
12	erbracht	O	O	-	0	420	499	1080	1101
13	worden	O	O	-	0	513	593	1081	1102
14	,	O	O	-	0	513	593	1081	1102
15	daß	O	O	-	0	606	641	1081	1102
16	ſich	O	O	-	0	655	685	1081	1102
17	die	O	O	-	0	699	727	1081	1100
18	Dinge	O	O	-	0	741	803	1082	1103
19	unge—achtet	O	O	-	0	816	873	1087	1103
20	mancher	O	O	-	0	312	393	1104	1125
21	Konkurrenzſtreitigkeiten	O	O	-	0	411	660	1104	1126
22	zwiſchen	O	O	-	0	678	760	1105	1126
23	den	O	O	-	0	777	812	1106	1125
24	Einzeljuden	O	O	-	0	830	874	1106	1125
25	—	O	O	-	0	335	359	1138	1140
26	da	O	O	-	0	371	393	1128	1147
27	die	O	O	-	0	406	434	1128	1147
28	Paraſiten	O	O	-	0	447	549	1128	1150
29	,	O	O	-	0	447	549	1128	1150
30	wenn	O	O	-	0	562	602	1132	1148
31	ſie	O	O	-	0	604	650	1130	1151
32	zu	O	O	-	0	663	685	1135	1151
33	zahlreich	O	O	-	0	698	783	1129	1151
34	werden	O	O	-	0	795	873	1131	1151
35	,	O	O	-	0	795	873	1131	1151
36	ſich	O	O	-	0	240	271	1151	1173
37	gegenſeitig	O	O	-	0	286	396	1152	1174
38	auffreſſen	O	O	-	0	409	510	1153	1174
39	müſſen	O	O	-	0	525	594	1153	1174
40	—	O	O	-	0	608	632	1164	1166
41	grundſätzlich	O	O	-	0	646	771	1154	1176
42	nicht	O	O	-	0	786	832	1154	1176
43	ge—ändert	O	O	-	0	847	875	1160	1176
44	haben	O	O	-	0	318	381	1176	1197
45	.	O	O	-	0	318	381	1176	1197
0		O	O	-	0	405	438	1176	1198
1	Jch	O	O	-	0	405	438	1176	1198
2	möchte	O	O	-	0	451	516	1177	1198
3	deshalb	O	O	-	0	529	604	1177	1199
4	hier	O	O	-	0	618	657	1177	1199
5	einige	O	O	-	0	670	729	1178	1199
6	dokumen—tariſcher	O	O	-	0	742	874	1179	1198
7	Hinweiſe	O	O	-	0	387	520	1200	1222
8	geben	O	O	-	0	540	602	1201	1222
9	,	O	O	-	0	540	602	1201	1222
10	die	O	O	-	0	622	651	1201	1220
11	auf	O	O	-	0	671	704	1202	1223
12	Grund	O	O	-	0	715	782	1202	1221
13	ſowjet—ruſſiſcher	O	O	-	0	803	872	1202	1224
14	Angaben	O	O	-	0	338	427	1224	1246
15	ſelbſt	O	O	-	0	437	506	1226	1247
16	den	O	O	-	0	509	530	1231	1245
17	Nachweis	O	O	-	0	540	872	1226	1248
18	für	O	O	-	0	540	872	1226	1248
19	die	O	O	-	0	540	872	1226	1248
20	immer	O	O	-	0	540	872	1226	1248
21	enger	O	O	-	0	238	317	1253	1270
22	werdende	O	O	-	0	332	468	1249	1268
23	Verſchwörerarbeit	O	O	-	0	481	753	1249	1271
24	des	O	O	-	0	768	799	1251	1270
25	Weltjudentums	O	O	-	0	815	870	1251	1270
26	auch	O	O	-	0	361	403	1273	1295
27	für	O	O	-	0	416	447	1273	1296
28	das	O	O	-	0	460	494	1274	1292
29	Jahr	O	O	-	0	507	558	1274	1296
30	1936	O	O	-	0	571	617	1274	1293
31	erbringen	O	O	-	0	630	781	1275	1297
32	.	O	O	-	0	630	781	1275	1297
0		O	O	-	0	273	359	1302	1325
1	„	O	O	-	0	273	359	1302	1325
2	Stalin	B-PER	O	-	0	273	359	1302	1325
3	,	O	O	-	0	273	359	1302	1325
4	der	O	O	-	0	375	405	1303	1323
5	Chef	O	O	-	0	421	467	1303	1325
6	der	O	O	-	0	483	513	1304	1323
7	Dritten	B-ORG	O	-	0	528	605	1304	1324
8	Jnternationale	I-ORG	O	-	0	620	775	1305	1326
9	,	O	O	-	0	620	775	1305	1326
10	iſt	O	O	-	0	777	818	1305	1326
11	kein	O	O	-	0	833	872	1305	1324
12	Jude	O	O	-	0	237	294	1326	1348
13	,	O	O	-	0	237	294	1326	1348
14	allerdings	O	O	-	0	312	414	1327	1349
15	auch	O	O	-	0	432	472	1328	1350
16	kein	O	O	-	0	489	528	1328	1347
17	Ruſſe	O	O	-	0	545	605	1329	1350
18	,	O	O	-	0	545	605	1329	1350
19	ſondern	O	O	-	0	622	699	1329	1350
20	bekanntlich	O	O	-	0	716	826	1329	1350
21	ein	O	O	-	0	843	872	1330	1349
22	Kaukaſier	O	O	-	0	237	340	1350	1372
23	.	O	O	-	0	237	340	1350	1372
0		O	O	-	0	366	414	1352	1371
1	Aber	O	O	-	0	366	414	1352	1371
2	hinter	O	O	-	0	426	487	1352	1374
3	ihm	O	O	-	0	499	537	1352	1374
4	und	O	O	-	0	549	576	1358	1372
5	über	O	O	-	0	578	634	1353	1372
6	ſeine	O	O	-	0	636	704	1353	1375
7	Schulter	O	O	-	0	716	802	1353	1375
8	ſchaut	O	O	-	0	814	872	1354	1375
9	ſein	O	O	-	0	237	274	1374	1396
10	Schwiegervater	O	O	-	0	291	448	1375	1398
11	Lazarus	B-PER	O	-	0	463	547	1376	1398
12	Moſesſohn	I-PER	O	-	0	562	671	1376	1399
13	Kaganomitſch	B-PER	O	-	0	687	830	1377	1399
14	.	O	O	-	0	687	830	1377	1399
0		O	O	-	0	847	872	1379	1397
1	Er	O	O	-	0	847	872	1379	1397
2	iſt	O	O	-	0	236	258	1399	1421
3	der	O	O	-	0	267	298	1400	1419
4	Stellvertreter	O	O	-	0	309	449	1400	1420
5	Stalins	B-PER	O	-	0	459	538	1401	1420
6	und	O	O	-	0	548	586	1402	1420
7	laut	O	O	-	0	596	637	1402	1421
8	Anordnung	O	O	-	0	647	764	1402	1423
9	der	O	O	-	0	774	805	1403	1422
10	Sowjetregierung	B-ORG	O	-	0	815	870	1403	1422
11	ſind	O	O	-	0	376	414	1425	1446
12	ihm	O	O	-	0	427	465	1424	1446
13	in	O	O	-	0	478	498	1425	1444
14	Abweſenheit	O	O	-	0	511	633	1425	1447
15	des	O	O	-	0	635	686	1426	1445
16	kaukaſiſchen	O	O	-	0	699	816	1426	1448
17	Diktators	O	O	-	0	829	871	1427	1446
18	die	O	O	-	0	312	340	1448	1466
19	gleichen	O	O	-	0	351	428	1448	1470
20	Ehren	O	O	-	0	440	502	1449	1471
21	wie	O	O	-	0	513	547	1449	1468
22	dieſem	O	O	-	0	559	624	1449	1471
23	zu	O	O	-	0	635	657	1455	1472
24	erweiſen	O	O	-	0	669	760	1450	1472
25	.	O	O	-	0	669	760	1450	1472
0		O	O	-	0	783	870	1451	1472
1	Kaganowitſch	B-PER	O	-	0	783	870	1451	1472
2	herrſcht	O	O	-	0	308	383	1473	1495
3	faſt	O	O	-	0	396	431	1473	1495
4	unumſchränkt	O	O	-	0	450	594	1474	1495
5	,	O	O	-	0	450	594	1474	1495
6	denn	O	O	-	0	615	663	1474	1494
7	in	O	O	-	0	683	702	1475	1494
8	alle	O	O	-	0	723	758	1475	1494
9	wichtigen	O	O	-	0	778	872	1476	1497
10	Poſten	O	O	-	0	237	303	1496	1518
11	der	O	O	-	0	316	347	1497	1516
12	Polizei	O	O	-	0	359	435	1497	1519
13	,	O	O	-	0	359	435	1497	1519
14	der	O	O	-	0	447	478	1498	1517
15	Jnnenpolitik	O	O	-	0	489	628	1498	1520
16	,	O	O	-	0	489	628	1498	1520
17	der	O	O	-	0	640	671	1499	1518
18	Roten	B-ORG	O	-	0	683	743	1499	1519
19	Armee	I-ORG	O	-	0	756	827	1500	1521
20	,	O	O	-	0	756	827	1500	1521
21	des	O	O	-	0	839	870	1500	1519
22	Außenhandels	O	O	-	0	235	381	1521	1542
23	und	O	O	-	0	399	436	1522	1541
24	der	O	O	-	0	454	485	1522	1541
25	Diplomatie	O	O	-	0	503	619	1522	1544
26	hat	O	O	-	0	636	668	1523	1544
27	er	O	O	-	0	685	704	1529	1543
28	im	O	O	-	0	721	747	1524	1543
29	Laufe	O	O	-	0	764	822	1524	1545
30	der	O	O	-	0	840	870	1524	1543
31	letzten	O	O	-	0	234	295	1544	1566
32	Jahre	O	O	-	0	311	372	1545	1567
33	ſeine	O	O	-	0	381	436	1545	1573
34	jüdiſchen	O	O	-	0	459	547	1546	1568
35	Helfershelfer	O	O	-	0	570	704	1547	1569
36	untergebracht	O	O	-	0	726	870	1548	1570
37	.	O	O	-	0	726	870	1548	1570
0		O	O	-	0	234	354	1569	1591
1	Nachſtehend	O	O	-	0	234	354	1569	1591
2	einige	O	O	-	0	370	430	1575	1591
3	Daten	O	O	-	0	445	516	1570	1590
4	:	O	O	-	0	445	516	1570	1590
5	vereinigten	O	O	-	0	277	393	3180	3203
6	Moskauer	B-LOC	O	-	0	406	510	3181	3202
7	Speiſehäuſer	O	O	-	0	524	662	3183	3205
8	.	O	O	-	0	524	662	3183	3205
0		O	O	-	0	272	318	1599	1620
1	„	O	O	-	0	272	318	1599	1620
2	Die	O	O	-	0	272	318	1599	1620
3	Stelle	O	O	-	0	331	397	1599	1621
4	,	O	O	-	0	331	397	1599	1621
5	die	O	O	-	0	410	438	1599	1619
6	von	O	O	-	0	450	486	1602	1619
7	der	O	O	-	0	499	530	1600	1620
8	jüdiſchen	O	O	-	0	542	630	1600	1622
9	Regierung	O	O	-	0	643	751	1601	1623
10	beauftragt	O	O	-	0	764	870	1602	1623
11	war	O	O	-	0	234	279	1625	1644
12	,	O	O	-	0	234	279	1625	1644
13	alle	O	O	-	0	296	330	1623	1642
14	nationalen	O	O	-	0	347	457	1623	1643
15	Ruſſen	O	O	-	0	474	543	1624	1646
16	auszurotten	O	O	-	0	559	687	1626	1647
17	,	O	O	-	0	559	687	1626	1647
18	war	O	O	-	0	704	743	1628	1645
19	bekanntlich	O	O	-	0	760	870	1626	1648
20	die	O	O	-	0	234	263	1646	1666
21	Tſcheka	B-ORG	O	-	0	278	393	1647	1669
22	,	O	O	-	0	278	393	1647	1669
23	d.	O	O	-	0	409	425	1648	1667
24	h.	O	O	-	0	441	458	1648	1669
25	die	O	O	-	0	474	502	1648	1667
26	außerordentliche	O	O	-	0	518	684	1649	1671
27	Kommiſſion	O	O	-	0	700	823	1649	1671
28	zur	O	O	-	0	839	870	1656	1671
29	Bekämpfung	O	O	-	0	234	364	1671	1693
30	der	O	O	-	0	380	411	1672	1691
31	Gegenrevolution	O	O	-	0	427	605	1672	1694
32	.	O	O	-	0	427	605	1672	1694
0		O	O	-	0	633	657	1674	1692
1	Als	O	O	-	0	633	657	1674	1692
2	ihr	O	O	-	0	658	702	1674	1695
3	bluttriefender	O	O	-	0	704	871	1674	1695
4	Name	O	O	-	0	234	283	1694	1714
5	ſelbſt	O	O	-	0	286	358	1695	1717
6	in	O	O	-	0	372	392	1695	1716
7	Rußland	B-LOC	O	-	0	407	495	1696	1718
8	nicht	O	O	-	0	511	557	1697	1719
9	mehr	O	O	-	0	577	628	1697	1719
10	verwendbar	O	O	-	0	649	758	1698	1717
11	erſchien	O	O	-	0	759	869	1698	1720
12	.	O	O	-	0	759	869	1698	1720
13	wurde	O	O	-	0	233	297	1720	1739
14	ſie	O	O	-	0	311	333	1720	1741
15	umgetauft	O	O	-	0	348	454	1721	1742
16	in	O	O	-	0	469	489	1720	1740
17	das	O	O	-	0	504	538	1721	1740
18	Volkskommiſſariat	B-ORG	O	-	0	554	744	1722	1743
19	für	O	O	-	0	759	790	1723	1743
20	innere	O	O	-	0	805	870	1723	1743
21	Angelegenheiten	O	O	-	0	234	408	1743	1766
22	,	O	O	-	0	234	408	1743	1766
23	die	O	O	-	0	421	450	1744	1763
24	ſogenannte	O	O	-	0	462	574	1745	1767
25	GPU	B-ORG	O	-	0	587	641	1745	1767
26	.	O	O	-	0	587	641	1745	1767
0		O	O	-	0	643	710	1746	1765
1	Leiter	O	O	-	0	643	710	1746	1765
2	dieſes	O	O	-	0	711	790	1746	1768
3	furcht—baren	O	O	-	0	803	868	1747	1769
4	Jnſtruments	O	O	-	0	306	437	1768	1791
5	iſt	O	O	-	0	451	473	1769	1791
6	heute	O	O	-	0	486	539	1769	1791
7	der	O	O	-	0	552	584	1770	1788
8	Jude	O	O	-	0	597	649	1770	1792
9	Jagoda	B-PER	O	-	0	662	738	1770	1797
10	,	O	O	-	0	662	738	1770	1797
11	ſein	O	O	-	0	740	796	1771	1793
12	Stellvertreter	O	O	-	0	809	868	1771	1790
13	Jakob	B-PER	O	-	0	337	398	1793	1815
14	Saulsſohn	I-PER	O	-	0	414	523	1793	1816
15	Agranow	B-PER	O	-	0	539	639	1794	1816
16	.	O	O	-	0	539	639	1794	1816
0		O	O	-	0	266	452	1821	1845
1	Hauptverwaltung	O	O	-	0	266	452	1821	1845
2	des	O	O	-	0	467	487	1823	1842
3	ſtaatlichen	B-ORG	O	-	0	489	616	1823	1846
4	Sicherheitsdienſtes	I-ORG	O	-	0	631	833	1823	1846
5	:	O	O	-	0	631	833	1823	1846
6	Leiter	O	O	-	0	235	296	1851	1870
7	der	O	O	-	0	307	338	1851	1870
8	beſonderen	O	O	-	0	350	459	1851	1873
9	Abteilung	O	O	-	0	471	582	1852	1875
10	:	O	O	-	0	471	582	1852	1875
11	Gay	O	O	-	0	596	643	1852	1875
12	,	O	O	-	0	596	643	1852	1875
13	M.	O	O	-	0	655	684	1853	1872
14	J.	I-PER	O	-	0	696	718	1854	1876
15	—	O	O	-	0	729	753	1865	1866
16	Jude	O	O	-	0	764	821	1854	1876
17	.	O	O	-	0	764	821	1854	1876
0		O	O	-	0	234	295	1875	1896
1	Leiter	O	O	-	0	234	295	1875	1896
2	der	O	O	-	0	309	339	1877	1896
3	Wirtſchaftsabteilung	O	O	-	0	353	574	1876	1899
4	:	O	O	-	0	353	574	1876	1899
5	Mironow	B-PER	O	-	0	589	692	1877	1900
6	,	O	O	-	0	589	692	1877	1900
7	L.	O	O	-	0	705	725	1879	1898
8	G.	O	O	-	0	739	763	1879	1899
9	—	O	O	-	0	776	800	1890	1892
10	Jude	O	O	-	0	812	869	1879	1900
11	.	O	O	-	0	812	869	1879	1900
0		O	O	-	0	234	295	1899	1920
1	Leiter	O	O	-	0	234	295	1899	1920
2	der	O	O	-	0	312	343	1901	1920
3	Auslandsabteilung	O	O	-	0	360	566	1901	1924
4	:	O	O	-	0	360	566	1901	1924
5	Slutzkij	B-PER	O	-	0	596	679	1902	1925
6	,	I-PER	O	-	0	596	679	1902	1925
7	A.	O	O	-	0	697	718	1903	1922
8	A.	O	O	-	0	735	757	1903	1923
9	—	O	O	-	0	773	797	1914	1916
10	Jude	O	O	-	0	813	870	1904	1925
11	.	O	O	-	0	813	870	1904	1925
0		O	O	-	0	234	295	1924	1944
1	Leiter	O	O	-	0	234	295	1924	1944
2	der	O	O	-	0	307	338	1925	1944
3	Transportabteilung	O	O	-	0	349	565	1925	1948
4	:	O	O	-	0	349	565	1925	1948
5	Schanin	B-PER	O	-	0	590	679	1926	1949
6	,	O	O	-	0	590	679	1926	1949
7	Abraham	B-PER	O	-	0	691	786	1927	1949
8	Moſesſohn	I-PER	O	-	0	798	869	1928	1949
9	.	O	O	-	0	283	332	1949	1970
0		O	O	-	0	234	295	1972	1992
1	Leiter	O	O	-	0	234	295	1972	1992
2	der	O	O	-	0	311	342	1973	1993
3	Antireligiöſen	O	O	-	0	358	502	1973	1996
4	Abteilung	O	O	-	0	519	629	1975	1997
5	:	O	O	-	0	519	629	1975	1997
6	Joffe	B-PER	O	-	0	646	706	1975	1997
7	,	O	O	-	0	646	706	1975	1997
8	Joſaias	B-PER	O	-	0	721	799	1976	1997
9	Leosſohn	I-PER	O	-	0	815	870	1977	1996
10	(	O	O	-	0	350	415	1998	2019
11	ehem.	O	O	-	0	350	415	1998	2019
12	Hauptſchriftleiter	O	O	-	0	438	616	1998	2021
13	der	O	O	-	0	639	670	2000	2019
14	Zeitſchrift	O	O	-	0	694	795	2000	2022
15	„	O	O	-	0	819	868	2001	2022
16	Der	B-ORG	O	-	0	819	868	2001	2022
17	Gottloſe	I-ORG	O	-	0	282	393	2021	2043
18	“	O	O	-	0	282	393	2021	2043
19	.	O	O	-	0	282	393	2021	2043
0		O	O	-	0	234	295	2044	2065
1	Leiter	O	O	-	0	234	295	2044	2065
2	der	O	O	-	0	317	348	2045	2065
3	Hauptverwaltung	O	O	-	0	369	552	2046	2069
4	der	O	O	-	0	579	610	2048	2067
5	Miliz	O	O	-	0	631	696	2048	2070
6	:	O	O	-	0	631	696	2048	2070
7	Bielſkij	B-PER	O	-	0	730	812	2048	2071
8	,	O	O	-	0	730	812	2048	2071
9	Leo	B-PER	O	-	0	833	868	2050	2069
10	Nahumsſohn	I-PER	O	-	0	235	434	2069	2091
11	-	O	O	-	0	235	434	2069	2091
12	Jude	O	O	-	0	235	434	2069	2091
13	.	O	O	-	0	235	434	2069	2091
0		O	O	-	0	234	417	2093	2116
1	Hauptverwaltung	O	O	-	0	234	417	2093	2116
2	des	O	O	-	0	435	466	2095	2115
3	Außen⸗	O	O	-	0	484	558	2096	2117
4	und	I-ORG	O	-	0	575	612	2097	2115
5	Jnnenſchutzes	O	O	-	0	630	778	2097	2118
6	:	O	O	-	0	630	778	2097	2118
7	Leiter	O	O	-	0	807	868	2098	2117
8	der	O	O	-	0	282	313	2118	2138
9	Hauptwaltung	O	O	-	0	324	483	2118	2141
10	:	O	O	-	0	324	483	2118	2141
11	Mogilſkij	B-PER	O	-	0	495	596	2119	2142
12	,	I-PER	O	-	0	495	596	2119	2142
13	B.	O	O	-	0	607	630	2121	2140
14	J.	I-PER	O	-	0	641	663	2121	2142
15	—	O	O	-	0	673	697	2132	2134
16	Jude	O	O	-	0	706	764	2121	2143
17	.	O	O	-	0	706	764	2121	2143
0		O	O	-	0	234	416	2146	2170
1	Hauptverwaltung	O	O	-	0	234	416	2146	2170
2	der	O	O	-	0	435	466	2148	2168
3	Konzentrationslager	O	O	-	0	485	696	2148	2172
4	und	O	O	-	0	715	752	2151	2170
5	der	O	O	-	0	772	804	2151	2171
6	Verbannungsorte	O	O	-	0	822	866	2151	2171
7	der	O	O	-	0	402	433	2172	2192
8	„	O	O	-	0	458	567	2172	2195
9	NKWD	B-ORG	O	-	0	458	567	2172	2195
10	“	O	O	-	0	458	567	2172	2195
11	.	O	O	-	0	458	567	2172	2195
0		O	O	-	0	594	802	2173	2197
1	(	O	O	-	0	594	802	2173	2197
2	Jnnenkommiſſariat	O	O	-	0	594	802	2173	2197
3	der	O	O	-	0	834	865	2176	2196
4	UdSSR	B-LOC	O	-	0	496	600	2196	2219
5	)	O	O	-	0	496	600	2196	2219
6	:	O	O	-	0	496	600	2196	2219
7	Leiter	O	O	-	0	234	294	2224	2243
8	der	O	O	-	0	300	332	2225	2243
9	Hauptverwaltung	O	O	-	0	340	526	2225	2249
10	:	O	O	-	0	340	526	2225	2249
11	Bährmann	B-PER	O	-	0	542	658	2226	2250
12	,	I-PER	O	-	0	542	658	2226	2250
13	Jakob	I-PER	O	-	0	665	725	2228	2250
14	M.	I-PER	O	-	0	734	763	2229	2248
15	—	O	O	-	0	769	794	2240	2241
16	Jude	O	O	-	0	808	865	2229	2251
17	.	O	O	-	0	808	865	2229	2251
0		O	O	-	0	234	283	2249	2269
1	Sein	O	O	-	0	234	283	2249	2269
2	Stellvertreter	O	O	-	0	297	446	2250	2269
3	:	O	O	-	0	297	446	2250	2269
4	Firin	B-PER	O	-	0	460	521	2250	2273
5	,	O	O	-	0	460	521	2250	2273
6	Samuel	B-PER	O	-	0	535	617	2252	2271
7	Jakobſohn	I-PER	O	-	0	629	736	2253	2275
8	—	O	O	-	0	748	773	2264	2266
9	Jude	O	O	-	0	785	843	2254	2275
10	.	O	O	-	0	785	843	2254	2275
0		O	O	-	0	232	293	2273	2293
1	Leiter	O	O	-	0	232	293	2273	2293
2	der	O	O	-	0	311	342	2274	2293
3	Konzentrationslager	O	O	-	0	360	571	2274	2298
4	und	O	O	-	0	589	627	2277	2296
5	Verbannungsorte	O	O	-	0	645	828	2277	2299
6	in	O	O	-	0	846	866	2279	2298
7	Sowjet-Karelien	B-LOC	O	-	0	280	451	2298	2320
8	und	O	O	-	0	474	511	2300	2319
9	gleichzeitig	O	O	-	0	535	645	2300	2323
10	Leiter	O	O	-	0	667	728	2301	2322
11	des	O	O	-	0	745	777	2303	2322
12	„	O	O	-	0	795	867	2303	2325
13	Weißmeer	B-LOC	O	-	0	795	867	2303	2325
14	“	O	O	-	0	279	568	2323	2346
15	⸗	O	O	-	0	279	568	2323	2346
16	Zwangsarbeitslagers	O	O	-	0	279	568	2323	2346
17	für	O	O	-	0	588	619	2325	2347
18	politiſche	O	O	-	0	638	728	2326	2348
19	Gefangene	O	O	-	0	748	866	2327	2349
20	:	O	O	-	0	748	866	2327	2349
21	Kogan	B-PER	O	-	0	279	351	2346	2369
22	,	I-PER	O	-	0	279	351	2346	2369
23	Samuel	I-PER	O	-	0	366	447	2347	2367
24	L.	I-PER	O	-	0	461	481	2348	2368
25	—	O	O	-	0	494	518	2359	2361
26	Jude	O	O	-	0	532	589	2349	2370
27	.	O	O	-	0	532	589	2349	2370
0		O	O	-	0	231	407	2370	2391
1	Stellvertretender	O	O	-	0	231	407	2370	2391
2	Kommiſſar	O	O	-	0	425	537	2372	2395
3	für	O	O	-	0	555	588	2373	2395
4	Jnnere	O	O	-	0	605	680	2374	2395
5	Angelegenheiten	O	O	-	0	698	867	2375	2397
6	und	O	O	-	0	278	316	2396	2414
7	Leiter	O	O	-	0	330	391	2396	2415
8	der	O	O	-	0	405	436	2396	2416
9	GPU	O	O	-	0	451	505	2397	2418
10	in	O	O	-	0	519	539	2397	2417
11	der	O	O	-	0	553	584	2398	2418
12	Sowjet⸗Ukraine	B-LOC	O	-	0	599	772	2398	2420
13	:	O	O	-	0	599	772	2398	2420
14	Katznelſohn	B-PER	O	-	0	787	867	2400	2421
15	,	O	O	-	0	279	328	2418	2441
16	S.	O	O	-	0	342	366	2420	2439
17	B.	O	O	-	0	379	402	2420	2440
18	—	O	O	-	0	414	438	2431	2433
19	Jude	O	O	-	0	451	508	2421	2442
20	.	O	O	-	0	451	508	2421	2442
0		O	O	-	0	230	291	2442	2463
1	Leiter	O	O	-	0	230	291	2442	2463
2	der	O	O	-	0	307	338	2444	2463
3	Konzentrationslager	O	O	-	0	354	567	2444	2468
4	und	O	O	-	0	583	620	2447	2466
5	Verbannungsorte	O	O	-	0	637	819	2447	2469
6	des	O	O	-	0	836	867	2449	2468
7	Nordgaues	B-LOC	O	-	0	279	401	2467	2490
8	:	O	O	-	0	279	401	2467	2490
9	Finkelſtein	B-PER	O	-	0	417	527	2468	2491
10	—	B-PER	O	-	0	541	564	2480	2483
11	Jude	O	O	-	0	579	636	2471	2492
12	.	O	O	-	0	579	636	2471	2492
0		O	O	-	0	233	294	2490	2510
1	Leiter	O	O	-	0	233	294	2490	2510
2	des	O	O	-	0	313	344	2492	2510
3	Zwangsarbeitslagers	O	O	-	0	364	584	2492	2516
4	auf	O	O	-	0	604	637	2495	2517
5	der	O	O	-	0	656	687	2495	2514
6	Solowezkijinſel	O	O	-	0	707	865	2496	2519
7	„	O	O	-	0	281	364	2516	2537
8	Slon	B-ORG	O	-	0	281	364	2516	2537
9	“	O	O	-	0	281	364	2516	2537
10	:	O	O	-	0	281	364	2516	2537
11	Serpuchowſkij	O	O	-	0	395	539	2517	2540
12	—	O	O	-	0	557	581	2529	2532
13	Jude	O	O	-	0	598	655	2520	2541
14	.	O	O	-	0	598	655	2520	2541
0		O	O	-	0	232	303	2540	2560
1	Leiter	O	O	-	0	232	303	2540	2560
2	der	O	O	-	0	310	341	2541	2560
3	Gebiets⸗	O	O	-	0	359	444	2541	2561
4	und	O	O	-	0	462	499	2543	2562
5	Gauverwaltungen	O	O	-	0	518	704	2543	2565
6	im	O	O	-	0	721	748	2544	2564
7	Moskauer	B-LOC	O	-	0	765	867	2545	2565
8	Gebiet	O	O	-	0	282	356	2564	2583
9	:	O	O	-	0	282	356	2564	2583
10	Rappoport	B-PER	O	-	0	396	511	2564	2588
11	,	O	O	-	0	396	511	2564	2588
12	Abrampolſki	B-PER	O	-	0	549	682	2566	2590
13	,	O	O	-	0	549	682	2566	2590
14	Fajwilowitſch	B-PER	O	-	0	721	865	2568	2592
15	,	O	O	-	0	721	865	2568	2592
16	Schkljar	B-PER	O	-	0	283	372	2588	2611
17	,	O	O	-	0	283	372	2588	2611
18	Selikmann	B-PER	O	-	0	384	495	2589	2610
19	uſw.	O	O	-	0	506	549	2590	2613
0		O	O		0	233	275	2618	2640
1	„	O	O	-	0	233	275	2618	2640
2	Das	O	O	-	0	233	275	2618	2640
3	iſt	O	O	-	0	276	322	2619	2641
4	nur	O	O	-	0	336	363	2625	2639
5	eine	O	O	-	0	364	428	2619	2639
6	kleine	O	O	-	0	442	499	2620	2640
7	Ausleſe	O	O	-	0	513	596	2620	2643
8	.	O	O	-	0	513	596	2620	2643
0		O	O	-	0	622	638	2622	2641
1	Es	O	O	-	0	622	638	2622	2641
2	ergibt	O	O	-	0	639	715	2622	2645
3	ſich	O	O	-	0	717	774	2623	2648
4	,	O	O	-	0	717	774	2623	2648
5	daß	O	O	-	0	789	824	2624	2646
6	die	O	O	-	0	838	867	2624	2643
7	Leitung	O	O	-	0	234	314	2647	2671
8	der	O	O	-	0	328	358	2648	2667
9	geſamten	O	O	-	0	372	463	2649	2672
10	Jnnenpolitik	O	O	-	0	476	607	2649	2673
11	Sowjetrußlands	B-LOC	O	-	0	621	776	2650	2674
12	ſich	O	O	-	0	778	832	2652	2675
13	in	O	O	-	0	845	865	2651	2673
14	der	O	O	-	0	233	264	2677	2698
15	Hand	O	O	-	0	278	332	2678	2700
16	eines	O	O	-	0	346	397	2679	2699
17	Gremiums	O	O	-	0	412	510	2679	2700
18	befindet	O	O	-	0	512	623	2680	2703
19	,	O	O	-	0	512	623	2680	2703
20	das	O	O	-	0	636	670	2681	2701
21	zu	O	O	-	0	684	706	2688	2704
22	über	O	O	-	0	720	765	2682	2702
23	98	O	O	-	0	778	800	2682	2701
24	v.	O	O	-	0	814	831	2686	2703
25	H.	O	O	-	0	844	867	2683	2705
26	ſich	O	O	-	0	232	261	2706	2730
27	aus	O	O	-	0	275	310	2711	2727
28	Juden	O	O	-	0	323	387	2708	2730
29	zuſammenſetzt	O	O	-	0	400	548	2709	2732
30	.	O	O	-	0	400	548	2709	2732
0		O	O	-	0	271	355	2737	2759
1	„	O	O	-	0	271	355	2737	2759
2	Dieſem	O	O	-	0	271	355	2737	2759
3	Kommiſſariat	O	O	-	0	368	508	2737	2761
4	für	O	O	-	0	521	552	2739	2761
5	Jnnenpolitik	O	O	-	0	564	697	2739	2762
6	ſteht	O	O	-	0	709	753	2741	2763
7	zur	O	O	-	0	766	798	2747	2763
8	Seite	O	O	-	0	811	865	2742	2761
9	das	O	O	-	0	232	266	2761	2781
10	Kommiſſariat	O	O	-	0	352	492	2786	2810
11	für	O	O	-	0	505	536	2787	2810
12	den	O	O	-	0	549	583	2788	2808
13	Jnnenhandel	O	O	-	0	596	736	2781	2811
14	.	O	O	-	0	596	736	2781	2811
0		O	O	-	0	268	333	2815	2838
1	Dieſes	B-ORG	O	-	0	268	333	2815	2838
2	wird	O	O	-	0	347	393	2816	2836
3	laut	O	O	-	0	408	448	2817	2836
4	der	O	O	-	0	462	493	2817	2838
5	amtlichen	O	O	-	0	507	602	2818	2840
6	ſowjetruſſiſchen	O	O	-	0	616	771	2819	2842
7	Zeitung	O	O	-	0	785	867	2820	2843
8	„	O	O	-	0	234	354	2839	2862
9	Jsweſtija	B-ORG	O	-	0	234	354	2839	2862
10	“	O	O	-	0	234	354	2839	2862
11	vom	O	O	-	0	370	413	2843	2861
12	8.	O	O	-	0	428	444	2842	2861
13	April	O	O	-	0	462	516	2842	2864
14	1936	O	O	-	0	532	578	2843	2861
15	gebildet	O	O	-	0	595	673	2844	2865
16	aus	O	O	-	0	690	725	2847	2864
17	einem	O	O	-	0	742	801	2845	2864
18	Ausſchuß	O	O	-	0	818	867	2846	2864
19	,	O	O	-	0	232	288	2864	2886
20	dem	O	O	-	0	300	340	2865	2884
21	faſt	O	O	-	0	351	385	2865	2887
22	nur	O	O	-	0	396	432	2871	2885
23	Juden	O	O	-	0	443	508	2866	2887
24	angehören	O	O	-	0	520	630	2867	2889
25	.	O	O	-	0	520	630	2867	2889
0		O	O	-	0	653	686	2868	2890
1	Jch	O	O	-	0	653	686	2868	2890
2	gebe	O	O	-	0	699	730	2869	2890
3	nachſtehend	O	O	-	0	733	865	2870	2891
4	einige	O	O	-	0	232	293	2887	2910
5	Namen	O	O	-	0	308	381	2889	2909
6	und	O	O	-	0	396	433	2890	2909
7	die	O	O	-	0	449	477	2890	2910
8	Aufgaben	O	O	-	0	492	590	2891	2913
9	der	O	O	-	0	605	636	2892	2912
10	Genannten	O	O	-	0	652	764	2892	2913
11	bekannt	O	O	-	0	779	866	2893	2913
12	:	O	O	-	0	779	866	2893	2913
13	Weizer	B-PER	O	-	0	232	309	2911	2934
14	,	O	O	-	0	232	309	2911	2934
15	Jsrael	B-PER	O	-	0	322	390	2913	2935
16	Jakobſohn	I-PER	O	-	0	403	509	2914	2936
17	—	O	O	-	0	523	547	2925	2928
18	Volkskommiſſar	O	O	-	0	560	723	2916	2938
19	des	O	O	-	0	736	768	2918	2937
20	Binnenhandels	O	O	-	0	783	866	2918	2937
21	der	O	O	-	0	372	403	2938	2958
22	UdSSR	B-LOC	O	-	0	416	508	2938	2958
23	.	O	O	-	0	416	508	2938	2958
0		O	O	-	0	231	348	2959	2983
1	Lewenſohn	B-PER	O	-	0	231	348	2959	2983
2	,	O	O	-	0	231	348	2959	2983
3	M.	B-PER	O	-	0	366	395	2962	2982
4	A.	I-PER	O	-	0	413	434	2963	2982
5	—	O	O	-	0	451	475	2973	2975
6	ſtellvertr.	O	O	-	0	492	586	2964	2985
7	Kommiſſar	O	O	-	0	603	715	2964	2987
8	des	O	O	-	0	733	765	2966	2986
9	Binnenhandels	O	O	-	0	783	866	2966	2986
10	.	O	O	-	0	269	366	2985	3006
0		O	O	-	0	233	357	3008	3032
1	Aronſtamm	B-PER	O	-	0	233	357	3008	3032
2	,	O	O	-	0	233	357	3008	3032
3	Gregor	B-PER	O	-	0	369	442	3010	3033
4	Nahumsſohn	I-PER	O	-	0	453	586	3011	3035
5	—	O	O	-	0	597	621	3024	3025
6	Leiter	O	O	-	0	630	680	3013	3032
7	der	O	O	-	0	682	722	3014	3033
8	ſtaatl.	O	O	-	0	724	803	3015	3036
9	Handelsinſpektion	O	O	-	0	814	864	3015	3036
10	.	O	O	-	0	279	427	3035	3056
0		O	O	-	0	230	355	3057	3081
1	Beddeshſkij	B-PER	O	-	0	230	355	3057	3081
2	,	I-PER	O	-	0	230	355	3057	3081
3	Samuel	I-PER	O	-	0	370	452	3060	3080
4	B.	I-PER	O	-	0	465	488	3061	3080
5	—	O	O	-	0	502	523	3072	3074
6	Leiter	O	O	-	0	524	600	3061	3082
7	des	O	O	-	0	614	646	3062	3082
8	ſtaatl.	O	O	-	0	660	719	3063	3084
9	Handels	O	O	-	0	734	817	3064	3085
10	mit	O	O	-	0	832	866	3064	3084
11	Schul⸗	O	O	-	0	278	343	3083	3105
12	und	O	O	-	0	355	393	3084	3103
13	Schreibutenſilien	O	O	-	0	405	586	3084	3107
14	.	O	O	-	0	405	586	3084	3107
0		O	O		0	208	264	374	394
1	3.	O	O	-	0	208	264	374	394
2	Jahrg.	O	O	-	0	266	369	363	398
0		O	O	-	0	502	636	378	402
1	Berlin	B-LOC	O	-	0	502	636	378	402
2	,	O	O	-	0	502	636	378	402
0		O	O		0	812	856	375	395
1	—	O	O	-	0	812	856	375	395
0		O	O		0	267	347	411	434
1	1936	O	O	-	0	267	347	411	434
0		O	O		0	412	521	410	438
1	Freitag	O	O	-	0	412	521	410	438
2	,	O	O	-	0	412	521	410	438
3	11.	O	O	-	0	534	576	410	431
4	September	O	O	-	0	593	736	411	436
0		O	O		0	821	860	411	435
1	16	O	O	-	0	821	860	411	435
0		O	O		0	914	1028	162	185
1	Goldmann	B-PER	O	-	0	914	1028	162	185
2	,	I-PER	O	-	0	914	1028	162	185
3	David	I-PER	O	-	0	1041	1102	164	183
4	M.	I-PER	O	-	0	1116	1145	165	184
5	—	O	O	-	0	1163	1187	175	177
6	Leiter	O	O	-	0	1205	1265	165	185
7	der	O	O	-	0	1284	1316	165	185
8	Vereinigten	O	O	-	0	1334	1455	165	187
9	Speiſehäuſer	O	O	-	0	1474	1548	166	188
10	des	O	O	-	0	1474	1548	166	188
11	Dongebiets	O	O	-	0	1474	1548	166	188
12	.	O	O	-	0	1474	1548	166	188
0		O	O		0	897	1002	3114	3137
1	Margolin	B-PER	O	-	0	897	1002	3114	3137
2	,	I-PER	O	-	0	897	1002	3114	3137
3	G.	I-PER	O	-	0	1015	1038	3115	3134
4	S.	I-PER	O	-	0	1050	1075	3114	3133
5	—	O	O	-	0	1086	1110	3125	3127
6	Leiter	O	O	-	0	1121	1182	3114	3134
7	der	O	O	-	0	1194	1224	3115	3133
8	Hauptverwaltung	O	O	-	0	1236	1418	3114	3137
9	der	O	O	-	0	1430	1461	3114	3134
10	Margarineinduſtrie	O	O	-	0	1473	1526	3115	3134
0		O	O	-	0	916	999	210	233
1	Gordon	B-PER	O	-	0	916	999	210	233
2	,	I-PER	O	-	0	916	999	210	233
3	Lazarus	B-PER	O	-	0	1023	1106	212	234
4	G.	I-PER	O	-	0	1120	1143	213	231
5	—	O	O	-	0	1167	1192	223	225
6	Direktor	O	O	-	0	1215	1301	213	232
7	des	O	O	-	0	1326	1358	213	232
8	Jnduſtriewarenhandels	O	O	-	0	1377	1546	214	235
9	des	O	O	-	0	1053	1084	237	255
10	Moskauer	O	O	-	0	1097	1200	237	255
11	Gebiets	O	O	-	0	1212	1295	237	256
12	.	O	O	-	0	1212	1295	237	256
0		O	O		0	877	882	255	259
1	d	O	O	-	0	877	882	255	259
0		O	O		0	913	1030	259	282
1	Gumnitzkij	B-LOC	O	-	0	913	1030	259	282
2	,	O	O	-	0	913	1030	259	282
3	Tejfel	B-PER	O	-	0	1045	1107	261	283
4	Leosſohn	I-PER	O	-	0	1122	1214	262	283
5	—	O	O	-	0	1229	1253	272	274
6	Leiter	O	O	-	0	1267	1328	262	282
7	des	O	O	-	0	1344	1376	263	282
8	Binnenhandels	O	O	-	0	1392	1547	263	284
9	des	O	O	-	0	960	992	285	304
10	Kalinin⸗Gebiets	B-LOC	O	-	0	1005	1178	285	305
11	.	O	O	-	0	1005	1178	285	305
0		O	O	-	0	877	1029	306	331
1	Gurewitſch	B-PER	O	-	0	877	1029	306	331
2	,	O	O	-	0	877	1029	306	331
3	Nachman	O	O	-	0	1047	1140	309	331
4	Hirſchsſohn	B-PER	O	-	0	1158	1275	310	332
5	—	O	O	-	0	1292	1316	321	323
6	Volkskommiſſar	O	O	-	0	1334	1496	311	333
7	des	O	O	-	0	1514	1545	312	331
8	Binnenhandels	O	O	-	0	961	1116	333	354
9	Weißrußlands	B-LOC	O	-	0	1137	1290	334	355
10	.	O	O	-	0	1137	1290	334	355
0		O	O	-	0	915	1029	355	379
1	Guchmann	B-PER	O	-	0	915	1029	355	379
2	,	O	O	-	0	915	1029	355	379
3	Salomon	B-PER	O	-	0	1039	1134	357	376
4	Jſaakſohn	I-PER	O	-	0	1145	1246	358	380
5	—	O	O	-	0	1256	1280	369	370
6	Direktor	O	O	-	0	1290	1376	358	377
7	des	O	O	-	0	1387	1419	359	378
8	„	O	O	-	0	1431	1544	359	381
9	Moſtorg	B-ORG	O	-	0	1431	1544	359	381
10	“	O	O	-	0	1431	1544	359	381
11	.	O	O	-	0	1431	1544	359	381
0		O	O	-	0	912	1025	380	403
1	Davidſohn	B-PER	O	-	0	912	1025	380	403
2	,	O	O	-	0	912	1025	380	403
3	Benjamin	B-PER	O	-	0	1036	1138	382	404
4	A.	I-PER	O	-	0	1149	1171	383	402
5	—	O	O	-	0	1180	1205	393	395
6	Leiter	O	O	-	0	1214	1275	383	402
7	der	O	O	-	0	1286	1317	384	403
8	erſten	O	O	-	0	1328	1384	384	405
9	Hauptverwalttung	O	O	-	0	1395	1545	384	405
10	der	O	O	-	0	1022	1053	406	425
11	lokalen	O	O	-	0	1068	1139	406	426
12	Auktionen	O	O	-	0	1153	1263	407	427
13	.	O	O	-	0	1153	1263	407	427
0		O	O	-	0	912	1010	428	451
1	Salinſkij	B-PER	O	-	0	912	1010	428	451
2	,	O	O	-	0	912	1010	428	451
3	Moſes	O	O	-	0	1026	1090	429	452
4	Jſaaksſohn	O	O	-	0	1106	1219	431	453
5	—	O	O	-	0	1234	1258	441	444
6	Volkskommiſſar	O	O	-	0	1273	1435	432	453
7	des	O	O	-	0	1451	1483	433	452
8	Binnenhandels	O	O	-	0	1499	1546	432	452
9	der	O	O	-	0	1090	1122	455	474
10	Tatarenrepublik	O	O	-	0	1137	1310	455	476
11	.	O	O	-	0	1137	1310	455	476
0		O	O	-	0	912	1010	477	500
1	Selenſkij	O	O	-	0	912	1010	477	500
2	,	O	O	-	0	912	1010	477	500
3	Jſaak	B-PER	O	-	0	1024	1081	478	500
4	Abrahamsſohn	I-PER	O	-	0	1096	1248	479	501
5	—	O	O	-	0	1261	1286	490	492
6	Vorſitzender	O	O	-	0	1299	1422	480	502
7	des	O	O	-	0	1437	1468	481	500
8	Präſidiums	O	O	-	0	1484	1545	481	502
9	des	O	O	-	0	1039	1070	503	522
10	Zentralkonſumgenoſſenſchaftsverbandes	B-ORG	O	-	0	1088	1495	503	526
11	der	I-ORG	O	-	0	1513	1544	506	525
12	UdSSR	I-ORG	O	-	0	958	1045	526	546
13	und	I-ORG	O	-	0	1061	1098	528	546
14	RSFSR	I-ORG	O	-	0	1116	1214	528	549
15	.	O	O	-	0	1116	1214	528	549
0		O	O	-	0	910	1020	549	573
1	Süßmann	B-PER	O	-	0	910	1020	549	573
2	,	O	O	-	0	910	1020	549	573
3	G.	B-PER	O	-	0	1032	1055	551	570
4	A.	O	O	-	0	1066	1088	551	570
5	—	O	O	-	0	1098	1122	561	564
6	Leiter	O	O	-	0	1132	1192	551	571
7	des	O	O	-	0	1203	1235	552	571
8	Binnenhandels	O	O	-	0	1246	1401	552	583
9	des	O	O	-	0	1413	1444	554	573
10	Odeſſaer	B-LOC	O	-	0	1456	1543	554	576
11	Gebiets	O	O	-	0	958	1041	575	594
12	.	O	O	-	0	958	1041	575	594
0		O	O	-	0	910	1053	597	621
1	Kaganowitſch	O	O	-	0	910	1053	597	621
2	,	O	O	-	0	910	1053	597	621
3	Leo	B-PER	O	-	0	1067	1101	599	618
4	Nahumsſohn	I-PER	O	-	0	1117	1250	600	622
5	—	O	O	-	0	1263	1282	612	613
6	Leiter	O	O	-	0	1282	1362	601	621
7	der	O	O	-	0	1376	1407	602	621
8	Kiewer	O	O	-	0	1421	1494	602	622
9	Abteilung	O	O	-	0	1508	1544	602	622
10	des	O	O	-	0	1044	1076	624	643
11	„	O	O	-	0	1092	1276	624	646
12	Sojusprodmag	B-ORG	O	-	0	1092	1276	624	646
13	“	O	O	-	0	1092	1276	624	646
14	.	O	O	-	0	1092	1276	624	646
0		O	O	-	0	909	989	645	669
1	Kaplan	B-PER	O	-	0	909	989	645	669
2	,	I-PER	O	-	0	909	989	645	669
3	Sophie	I-PER	O	-	0	1005	1078	647	669
4	—	O	O	-	0	1092	1116	658	660
5	Direktor	O	O	-	0	1137	1223	648	668
6	des	O	O	-	0	1245	1276	649	669
7	Speiſehäuſertruſts	O	O	-	0	1298	1489	649	672
8	des	O	O	-	0	1511	1542	651	670
9	Frunſenkij	O	O	-	0	957	1066	671	697
10	in	O	O	-	0	1081	1101	672	691
11	Moskau	B-LOC	O	-	0	1116	1203	672	692
12	.	O	O	-	0	1116	1203	672	692
0		O	O	-	0	908	993	694	717
1	Kremin	O	O	-	0	908	993	694	717
2	,	O	O	-	0	908	993	694	717
3	Lazarus	B-PER	O	-	0	1002	1086	696	717
4	Jſaaksſohn	I-PER	O	-	0	1097	1211	696	718
5	—	O	O	-	0	1221	1245	707	709
6	Direktor	O	O	-	0	1255	1342	697	717
7	des	O	O	-	0	1352	1384	698	717
8	Weißruſſiſchen	B-ORG	O	-	0	1396	1542	698	720
9	Nahrungsmittelhandels	I-ORG	O	-	0	955	1206	719	741
10	.	O	O	-	0	955	1206	719	741
0		O	O	-	0	908	973	742	765
1	Nodel	B-PER	O	-	0	908	973	742	765
2	,	O	O	-	0	908	973	742	765
3	Wolf	B-PER	O	-	0	995	1045	744	765
4	Abrahamsſohn	O	O	-	0	1067	1218	744	766
5	—	O	O	-	0	1239	1263	755	758
6	Redakteur	O	O	-	0	1284	1387	746	766
7	der	O	O	-	0	1409	1440	747	766
8	Zeitung	O	O	-	0	1461	1542	747	769
9	„	O	O	-	0	956	1232	767	790
10	Sowjetskaja⸗Torgowlja	B-ORG	O	-	0	956	1232	767	790
11	“	O	O	-	0	956	1232	767	790
12	.	O	O	-	0	956	1232	767	790
0		O	O	-	0	908	1045	790	814
1	Smorgonſkij	B-PER	O	-	0	908	1045	790	814
2	,	O	O	-	0	908	1045	790	814
3	Efim	B-PER	O	-	0	1057	1108	792	814
4	Moſesſohn	I-PER	O	-	0	1116	1225	792	815
5	—	O	O	-	0	1236	1260	804	806
6	Leiter	O	O	-	0	1270	1331	793	813
7	der	O	O	-	0	1338	1370	794	813
8	Bakuer	O	O	-	0	1377	1449	794	814
9	Binnenhandelsvertretung	O	O	-	0	1457	1540	795	815
10	.	O	O	-	0	954	1148	816	839
0		O	O	-	0	907	1039	839	862
1	Chalamejſer	B-PER	O	-	0	907	1039	839	862
2	,	O	O	-	0	907	1039	839	862
3	H.	O	O	-	0	1054	1077	841	863
4	L.	O	O	-	0	1093	1113	841	861
5	—	O	O	-	0	1128	1152	852	854
6	Direktor	O	O	-	0	1168	1254	841	862
7	des	O	O	-	0	1270	1302	843	862
8	ſtädtiſchen	O	O	-	0	1319	1421	843	865
9	Jnduſtriewarenhandels	O	O	-	0	1436	1543	844	866
10	in	O	O	-	0	1111	1131	865	885
11	Roſtow	B-LOC	O	-	0	1145	1218	866	887
12	am	I-LOC	O	-	0	1232	1262	872	886
13	Don	I-LOC	O	-	0	1276	1326	867	887
14	.	O	O	-	0	1276	1326	867	887
0		O	O	-	0	906	1062	887	911
1	Schinkarewſkij	O	O	-	0	906	1062	887	911
2	,	O	O	-	0	906	1062	887	911
3	Nahum	B-PER	O	-	0	1079	1155	889	911
4	J.	O	O	-	0	1171	1193	891	912
5	—	O	O	-	0	1209	1233	901	903
6	Direktor	O	O	-	0	1250	1336	891	911
7	des	O	O	-	0	1353	1373	892	911
8	ſtaatl.	O	O	-	0	1375	1461	892	913
9	Kleinhandels	O	O	-	0	1478	1542	893	912
10	mit	O	O	-	0	1047	1085	913	933
11	Kolonialwaren	O	O	-	0	1095	1254	914	934
12	.	O	O	-	0	1095	1254	914	934
0		O	O	-	0	906	986	935	959
1	Epftein	B-PER	O	-	0	906	986	935	959
2	,	O	O	-	0	906	986	935	959
3	Meier	B-PER	O	-	0	999	1061	937	957
4	Samuelsſohn	I-PER	O	-	0	1074	1212	938	960
5	—	O	O	-	0	1225	1249	950	952
6	Leiter	O	O	-	0	1260	1321	939	960
7	der	O	O	-	0	1334	1365	940	960
8	Moskauer	O	O	-	0	1378	1481	941	961
9	Binnenhandelsabteilung	O	O	-	0	1494	1541	941	961
10	;	O	O	-	0	951	1174	961	984
11	uſw.	O	O	-	0	1193	1237	964	984
0		O	O		0	942	991	990	1011
1	„	O	O	-	0	942	991	990	1011
2	Der	O	O	-	0	942	991	990	1011
3	Binnenhandel	O	O	-	0	1005	1149	990	1013
4	wird	O	O	-	0	1162	1208	992	1011
5	alſo	O	O	-	0	1223	1259	993	1014
6	durch	O	O	-	0	1274	1326	993	1015
7	einen	O	O	-	0	1340	1393	993	1014
8	99%igen	O	O	-	0	1407	1498	994	1016
9	jüdiſchen	O	O	-	0	1512	1540	995	1016
10	Ausſchuß	O	O	-	0	988	1080	1015	1037
11	geleitet	O	O	-	0	1096	1174	1016	1037
12	.	O	O	-	0	1096	1174	1016	1037
0		O	O	-	0	1190	1216	1017	1036
1	Es	O	O	-	0	1190	1216	1017	1036
2	verſteht	O	O	-	0	1231	1307	1018	1039
3	ſich	O	O	-	0	1322	1357	1019	1040
4	,	O	O	-	0	1322	1357	1019	1040
5	daß	O	O	-	0	1373	1408	1019	1040
6	zu	O	O	-	0	1423	1445	1024	1040
7	der	O	O	-	0	1460	1491	1020	1039
8	Beherrſchung	O	O	-	0	1506	1540	1020	1038
9	der	O	O	-	0	1026	1057	1040	1059
10	Jnnenpolitik	O	O	-	0	1070	1203	1040	1062
11	und	O	O	-	0	1217	1254	1042	1061
12	des	O	O	-	0	1269	1308	1041	1061
13	Jnnenhandels	O	O	-	0	1315	1461	1042	1064
14	in	O	O	-	0	1476	1496	1044	1063
15	der	O	O	-	0	1510	1540	1044	1063
16	Zeit	O	O	-	0	906	948	1062	1083
17	der	O	O	-	0	963	994	1063	1082
18	Aufrüſtung	O	O	-	0	1009	1126	1063	1086
19	der	O	O	-	0	1141	1172	1065	1084
20	Roten	B-ORG	O	-	0	1193	1253	1065	1085
21	Armee	I-ORG	O	-	0	1275	1341	1066	1086
22	auch	O	O	-	0	1362	1404	1067	1089
23	die	O	O	-	0	1419	1447	1067	1087
24	Beherrſchung	O	O	-	0	1462	1540	1067	1089
25	der	O	O	-	0	985	1016	1087	1106
26	Kriegsinduſtrie	O	O	-	0	1035	1195	1087	1110
27	kommt	O	O	-	0	1214	1302	1089	1110
28	.	O	O	-	0	1214	1302	1089	1110
29	“	O	O	-	0	1214	1302	1089	1110
0		O	O	-	0	942	1007	1115	1137
1	Dieſes	O	O	-	0	942	1007	1115	1137
2	Kontrollkomitee	O	O	-	0	1029	1192	1116	1137
3	für	O	O	-	0	1214	1245	1118	1140
4	die	O	O	-	0	1266	1295	1119	1138
5	Aufrüſtung	O	O	-	0	1317	1434	1119	1142
6	Sowjet⸗Judäas	B-LOC	O	-	0	1456	1538	1121	1143
7	wurde	O	O	-	0	1000	1062	1141	1159
8	am	O	O	-	0	1078	1109	1147	1160
9	20.	O	O	-	0	1124	1153	1142	1161
10	April	O	O	-	0	1169	1224	1142	1164
11	1935	O	O	-	0	1240	1285	1143	1161
12	gebildet	O	O	-	0	1302	1380	1143	1166
13	und	O	O	-	0	1396	1433	1145	1164
14	auf	O	O	-	0	1450	1483	1146	1167
15	Anordnung	O	O	-	0	1499	1536	1146	1164
16	des	O	O	-	0	1005	1036	1165	1184
17	Rats	O	O	-	0	1050	1098	1165	1185
18	der	O	O	-	0	1110	1141	1166	1185
19	Volkskommiſſare	O	O	-	0	1153	1325	1166	1190
20	vom	O	O	-	0	1337	1380	1170	1187
21	10.	O	O	-	0	1392	1420	1169	1188
22	Juli	O	O	-	0	1433	1478	1169	1191
23	1936	O	O	-	0	1491	1536	1170	1188
24	in	O	O	-	0	907	928	1188	1207
25	entſprechender	O	O	-	0	948	1091	1189	1212
26	Weiſe	O	O	-	0	1111	1168	1189	1212
27	erweitert	O	O	-	0	1187	1284	1191	1211
28	.	O	O	-	0	1187	1284	1191	1211
0		O	O	-	0	1309	1345	1192	1211
1	Die	O	O	-	0	1309	1345	1192	1211
2	Sowjetzeitungen	O	O	-	0	1365	1538	1193	1216
3	„	O	O	-	0	909	951	1213	1234
4	Sa	B-ORG	O	-	0	909	951	1213	1234
5	Jnduſtrialiſaziju	I-ORG	O	-	0	964	1150	1214	1237
6	“	O	O	-	0	964	1150	1214	1237
7	vom	O	O	-	0	1165	1207	1218	1234
8	20.	O	O	-	0	1221	1249	1216	1235
9	April	O	O	-	0	1264	1319	1216	1238
10	1935	O	O	-	0	1334	1380	1217	1236
11	(	O	O	-	0	1396	1439	1218	1239
12	Nr.	O	O	-	0	1396	1439	1218	1239
13	92	O	O	-	0	1453	1484	1218	1240
14	)	O	O	-	0	1453	1484	1218	1240
15	und	O	O	-	0	1500	1537	1219	1237
16	„	O	O	-	0	909	1029	1238	1260
17	Jsweſtija	B-ORG	O	-	0	909	1029	1238	1260
18	“	O	O	-	0	909	1029	1238	1260
19	von	O	O	-	0	1040	1076	1241	1258
20	11.	O	O	-	0	1088	1116	1239	1258
21	Juni	O	O	-	0	1126	1178	1239	1261
22	1936	O	O	-	0	1190	1235	1240	1259
23	(	O	O	-	0	1247	1290	1240	1263
24	Nr.	O	O	-	0	1247	1290	1240	1263
25	135	O	O	-	0	1302	1344	1241	1263
26	)	O	O	-	0	1302	1344	1241	1263
27	geben	O	O	-	0	1358	1414	1242	1263
28	die	O	O	-	0	1425	1453	1242	1261
29	Namen	O	O	-	0	1465	1538	1243	1262
30	und	O	O	-	0	908	945	1262	1281
31	Aufgaben	O	O	-	0	962	1061	1263	1285
32	der	O	O	-	0	1076	1107	1263	1282
33	Mitglieder	O	O	-	0	1123	1232	1264	1286
34	wieder	O	O	-	0	1248	1320	1265	1287
35	,	O	O	-	0	1248	1320	1265	1287
36	von	O	O	-	0	1336	1372	1269	1285
37	denen	O	O	-	0	1388	1446	1266	1286
38	ich	O	O	-	0	1461	1485	1266	1289
39	nur	O	O	-	0	1501	1538	1272	1286
40	einige	O	O	-	0	905	965	1286	1309
41	wichtige	O	O	-	0	978	1059	1287	1310
42	Juden	O	O	-	0	1072	1137	1285	1310
43	anführe	O	O	-	0	1151	1238	1289	1311
44	:	O	O	-	0	1151	1238	1289	1311
45	Kaganowitſch	B-PER	O	-	0	907	1058	1316	1340
46	,	I-PER	O	-	0	907	1058	1316	1340
47	Michael	B-PER	O	-	0	1064	1148	1318	1340
48	,	O	O	-	0	1064	1148	1318	1340
49	Moſesſohn	B-PER	O	-	0	1163	1272	1319	1341
50	—	B-PER	O	-	0	1285	1310	1330	1332
51	ſtellvertr.	B-PER	O	-	0	1323	1417	1320	1341
52	Volkskommiſſar	O	O	-	0	1432	1537	1321	1341
53	der	O	O	-	0	1031	1062	1342	1361
54	Schwerinduſtrie	O	O	-	0	1076	1246	1342	1365
55	,	O	O	-	0	1076	1246	1342	1365
56	ſtellvertr.	O	O	-	0	1261	1355	1344	1366
57	Vorſitzender	O	O	-	0	1369	1491	1345	1367
58	des	O	O	-	0	1505	1537	1346	1365
59	Beratungsausſchuſſes	O	O	-	0	953	1174	1366	1389
60	und	O	O	-	0	1187	1224	1368	1387
61	Leiter	O	O	-	0	1237	1298	1368	1387
62	der	O	O	-	0	1310	1341	1369	1388
63	Hauptverwaltung	O	O	-	0	1354	1536	1369	1392
64	der	O	O	-	0	954	985	1390	1409
65	Flugzeuginduſtrie	O	O	-	0	999	1189	1391	1414
66	.	O	O	-	0	999	1189	1391	1414
0		O	O	-	0	897	987	3163	3186
1	Glinskij	B-PER	O	-	0	897	987	3163	3186
2	,	O	O	-	0	897	987	3163	3186
3	Abraham	I-PER	O	-	0	1002	1102	3164	3186
4	,	O	O	-	0	1002	1102	3164	3186
5	Lazarusſohn	O	O	-	0	1117	1246	3164	3186
6	—	O	O	-	0	1260	1284	3174	3177
7	Sprit⸗	O	O	-	0	1298	1364	3164	3186
8	und	O	O	-	0	1379	1417	3164	3183
9	Schnapsinduſtrie	O	O	-	0	1433	1527	3164	3186
0		O	O		0	903	1056	1414	1438
1	Ruchimowitſch	O	O	-	0	903	1056	1414	1438
2	,	O	O	-	0	903	1056	1414	1438
3	M.	O	O	-	0	1076	1105	1416	1435
4	L.	O	O	-	0	1125	1144	1416	1435
5	—	O	O	-	0	1164	1188	1427	1429
6	ſtellvertr.	O	O	-	0	1207	1301	1417	1439
7	Volkskommiſſar	O	O	-	0	1321	1483	1418	1441
8	der	O	O	-	0	1503	1534	1419	1438
9	Schwerinduſtrie	O	O	-	0	952	1116	1440	1462
10	und	O	O	-	0	1133	1170	1441	1460
11	ſtellvertr.	O	O	-	0	1188	1282	1442	1464
12	Vorſitzender	O	O	-	0	1299	1420	1442	1464
13	des	O	O	-	0	1437	1469	1443	1463
14	Ausſchuſſes	O	O	-	0	1486	1536	1444	1463
15	.	O	O	-	0	952	1031	1464	1486
0		O	O	-	0	908	1025	1488	1511
1	Gurewitſch	B-PER	O	-	0	908	1025	1488	1511
2	,	O	O	-	0	908	1025	1488	1511
3	A.	O	O	-	0	1045	1067	1489	1508
4	D.	O	O	-	0	1086	1110	1490	1508
5	—	O	O	-	0	1130	1154	1500	1502
6	Leiter	O	O	-	0	1173	1233	1490	1509
7	der	O	O	-	0	1252	1283	1491	1510
8	Hauptverwaltung	O	O	-	0	1303	1485	1491	1514
9	der	O	O	-	0	1504	1535	1493	1512
10	metallurgiſchen	O	O	-	0	949	1105	1513	1536
11	Jnduſtrie	O	O	-	0	1119	1223	1514	1536
12	.	O	O	-	0	1119	1223	1514	1536
0		O	O	-	0	1286	1287	1528	1528
1	Kagan	B-PER	O	-	0	905	978	1536	1560
2	,	I-PER	O	-	0	905	978	1536	1560
3	J.	I-PER	O	-	0	988	1010	1538	1560
4	B.	O	O	-	0	1021	1044	1538	1557
5	—	O	O	-	0	1054	1078	1549	1551
6	Leiter	O	O	-	0	1088	1149	1538	1557
7	und	O	O	-	0	1159	1197	1539	1558
8	Chefingenieur	O	O	-	0	1209	1354	1539	1562
9	des	O	O	-	0	1365	1397	1540	1559
10	Kapitalbaus	O	O	-	0	1408	1534	1541	1563
11	der	O	O	-	0	957	989	1562	1580
12	Hauptverwaltung	O	O	-	0	998	1183	1562	1585
13	der	I-ORG	O	-	0	1195	1226	1563	1583
14	Kohleninduſtrie	O	O	-	0	1238	1406	1563	1586
15	.	O	O	-	0	1238	1406	1563	1586
0		O	O	-	0	904	1046	1585	1609
1	Jsrailowitſch	B-PER	O	-	0	904	1046	1585	1609
2	,	O	O	-	0	904	1046	1585	1609
3	A.	O	O	-	0	1064	1085	1587	1606
4	J.	O	O	-	0	1102	1124	1588	1610
5	—	O	O	-	0	1140	1164	1598	1600
6	Leiter	O	O	-	0	1180	1241	1588	1607
7	der	O	O	-	0	1258	1289	1589	1608
8	Hauptverwaltung	O	O	-	0	1306	1488	1588	1612
9	der	O	O	-	0	1505	1536	1590	1609
10	Gasinduſtrie	O	O	-	0	953	1091	1610	1633
11	.	O	O	-	0	953	1091	1610	1633
0		O	O	-	0	906	1012	1634	1657
1	Ginsburg	B-PER	O	-	0	906	1012	1634	1657
2	,	O	O	-	0	906	1012	1634	1657
3	S.	B-LOC	O	-	0	1024	1048	1635	1654
4	S.	O	O	-	0	1060	1085	1635	1655
5	—	O	O	-	0	1097	1121	1647	1649
6	Leiter	O	O	-	0	1132	1192	1636	1656
7	der	O	O	-	0	1204	1236	1637	1656
8	Hauptverwaltung	O	O	-	0	1247	1429	1638	1660
9	der	O	O	-	0	1441	1473	1639	1658
10	Bauinduſtrie	O	O	-	0	1485	1535	1639	1658
11	.	O	O	-	0	953	1047	1659	1682
0		O	O	-	0	906	1004	1683	1706
1	Galperin	B-PER	O	-	0	906	1004	1683	1706
2	,	I-PER	O	-	0	906	1004	1683	1706
3	E.	B-PER	O	-	0	1015	1036	1684	1703
4	J.	I-PER	O	-	0	1047	1069	1684	1707
5	—	O	O	-	0	1079	1104	1695	1697
6	Chefingenieur	O	O	-	0	1114	1260	1685	1708
7	der	O	O	-	0	1271	1302	1686	1705
8	Stickſtoffinduſtrie	O	O	-	0	1313	1500	1686	1709
9	.	O	O	-	0	1313	1500	1686	1709
0		O	O		0	901	969	1707	1730
1	Bitker	B-PER	O	-	0	901	969	1707	1730
2	,	O	O	-	0	901	969	1707	1730
3	G.	B-PER	O	-	0	982	1006	1708	1727
4	S.	I-PER	O	-	0	1019	1043	1709	1728
5	—	O	O	-	0	1055	1079	1719	1722
6	Leiter	O	O	-	0	1090	1151	1709	1728
7	der	O	O	-	0	1163	1194	1710	1729
8	Hauptverwaltung	O	O	-	0	1206	1388	1710	1733
9	der	O	O	-	0	1400	1431	1712	1731
10	Gummiinduſtrie	O	O	-	0	1444	1531	1712	1731
11	.	O	O	-	0	948	1043	1732	1754
0		O	O	-	0	901	980	1756	1779
1	Buskin	B-PER	O	-	0	901	980	1756	1779
2	,	O	O	-	0	901	980	1756	1779
3	D.	O	O	-	0	995	1019	1758	1776
4	A.	O	O	-	0	1035	1056	1758	1777
5	—	O	O	-	0	1071	1095	1769	1770
6	Direktor	O	O	-	0	1109	1195	1758	1778
7	der	O	O	-	0	1210	1241	1759	1778
8	Tſcheljabinſker	B-ORG	O	-	0	1256	1406	1759	1782
9	Traktorenfabrik	I-ORG	O	-	0	1420	1531	1760	1780
10	.	O	O	-	0	949	1013	1782	1803
0		O	O	-	0	900	1020	1805	1828
1	Fuſchmann	B-PER	O	-	0	900	1020	1805	1828
2	,	O	O	-	0	900	1020	1805	1828
3	A.	B-PER	O	-	0	1039	1061	1807	1825
4	M.	O	O	-	0	1080	1109	1807	1826
5	—	O	O	-	0	1128	1152	1818	1820
6	Leiter	O	O	-	0	1170	1230	1807	1827
7	der	O	O	-	0	1249	1281	1808	1827
8	Hauptverwaltung	O	O	-	0	1299	1481	1809	1832
9	der	O	O	-	0	1500	1531	1810	1829
10	Waggoninduſtrie	O	O	-	0	949	1128	1830	1853
11	.	O	O	-	0	949	1128	1830	1853
0		O	O	-	0	901	1034	1854	1878
1	Alperowitſch	B-PER	O	-	0	901	1034	1854	1878
2	,	O	O	-	0	901	1034	1854	1878
3	E.	O	O	-	0	1052	1072	1856	1875
4	M.	O	O	-	0	1090	1119	1856	1875
5	—	O	O	-	0	1136	1160	1867	1869
6	Leiter	O	O	-	0	1176	1236	1857	1876
7	der	O	O	-	0	1253	1284	1857	1876
8	Hauptverwaltung	O	O	-	0	1301	1483	1857	1881
9	der	O	O	-	0	1500	1531	1859	1878
10	Werkzeugmaſchinenbauinduſtrie	O	O	-	0	948	1280	1880	1903
11	.	O	O	-	0	948	1280	1880	1903
0		O	O	-	0	900	996	1903	1926
1	Figatner	B-PER	O	-	0	900	996	1903	1926
2	,	I-PER	O	-	0	900	996	1903	1926
3	J.	B-PER	O	-	0	1011	1032	1905	1926
4	G.	I-PER	O	-	0	1047	1071	1905	1923
5	—	O	O	-	0	1085	1109	1916	1917
6	Leiter	O	O	-	0	1122	1183	1905	1924
7	des	O	O	-	0	1197	1229	1906	1925
8	Arbeitsſektors	O	O	-	0	1244	1389	1906	1928
9	beim	O	O	-	0	1404	1452	1907	1927
10	Volkskommiſſariat	B-ORG	O	-	0	1467	1531	1908	1927
11	der	I-ORG	O	-	0	1097	1129	1929	1948
12	Schwerinduſtrie	I-ORG	O	-	0	1145	1315	1930	1953
13	.	O	O	-	0	1145	1315	1930	1953
0		O	O	-	0	903	1003	1952	1975
1	Fainberg	B-PER	O	-	0	903	1003	1952	1975
2	,	O	O	-	0	903	1003	1952	1975
3	W.	B-PER	O	-	0	1015	1042	1953	1972
4	G.	I-PER	O	-	0	1055	1079	1953	1973
5	—	O	O	-	0	1089	1113	1965	1966
6	Leiter	O	O	-	0	1124	1184	1954	1973
7	der	O	O	-	0	1196	1227	1955	1974
8	Hauptverwaltung	O	O	-	0	1238	1420	1955	1978
9	des	O	O	-	0	1432	1464	1956	1975
10	Bergwerksmaſchinenbaus	O	O	-	0	1476	1533	1957	1979
11	.	O	O	-	0	950	1165	1978	2000
0		O	O	-	0	901	974	2001	2024
1	Kagan	B-PER	O	-	0	901	974	2001	2024
2	,	O	O	-	0	901	974	2001	2024
3	B.	O	O	-	0	988	1010	2002	2021
4	D.	O	O	-	0	1024	1048	2003	2021
5	—	O	O	-	0	1062	1086	2013	2015
6	Leiter	O	O	-	0	1098	1159	2002	2022
7	des	O	O	-	0	1173	1204	2003	2022
8	Truſts	O	O	-	0	1218	1286	2004	2026
9	„	O	O	-	0	1302	1472	2004	2027
10	Prodmaſchina	O	O	-	0	1302	1472	2004	2027
11	“	O	O	-	0	1302	1472	2004	2027
12	.	O	O	-	0	1302	1472	2004	2027
0		O	O	-	0	900	995	2025	2049
1	Frumkin	B-PER	O	-	0	900	995	2025	2049
2	,	O	O	-	0	900	995	2025	2049
3	M.	O	O	-	0	1012	1041	2027	2046
4	L.	O	O	-	0	1056	1076	2027	2046
5	—	O	O	-	0	1092	1116	2038	2040
6	Leiter	O	O	-	0	1131	1191	2028	2047
7	des	O	O	-	0	1208	1239	2028	2047
8	chemiſchen	O	O	-	0	1257	1359	2028	2051
9	Truſts	O	O	-	0	1374	1442	2029	2051
10	„	O	O	-	0	1460	1531	2030	2052
11	Sojuchimplaſtmaß	O	O	-	0	1460	1531	2030	2052
12	“	O	O	-	0	956	1108	2051	2079
13	.	O	O	-	0	956	1108	2051	2079
0		O	O	-	0	901	1034	2074	2098
1	Bierenzweig	B-LOC	O	-	0	901	1034	2074	2098
2	,	O	O	-	0	901	1034	2074	2098
3	M.	O	O	-	0	1053	1082	2076	2095
4	B.	O	O	-	0	1101	1123	2076	2095
5	—	O	O	-	0	1142	1166	2087	2089
6	Leiter	O	O	-	0	1184	1245	2076	2096
7	des	O	O	-	0	1263	1295	2067	2096
8	Auslandsſektors	O	O	-	0	1314	1482	2078	2100
9	des	O	O	-	0	1486	1533	2079	2098
10	Volkskommiſſariats	B-ORG	O	-	0	946	1148	2100	2123
11	der	O	O	-	0	1163	1195	2101	2120
12	Schwerinduſtrie	O	O	-	0	1209	1380	2101	2124
13	.	O	O	-	0	1209	1380	2101	2124
0		O	O	-	0	900	1042	2123	2147
1	Jsrailowitſch	B-PER	O	-	0	900	1042	2123	2147
2	,	O	O	-	0	900	1042	2123	2147
3	E.	O	O	-	0	1053	1074	2125	2144
4	J.	O	O	-	0	1085	1106	2125	2147
5	—	O	O	-	0	1116	1140	2136	2138
6	Chefingenieur	O	O	-	0	1151	1297	2125	2148
7	der	O	O	-	0	1307	1339	2127	2145
8	Hauptverwaltung	B-ORG	O	-	0	1349	1532	2127	2150
9	des	I-ORG	O	-	0	946	978	2149	2168
10	landwirtſchaftlichen	I-ORG	O	-	0	993	1192	2149	2172
11	Maſchinenbaus	I-ORG	O	-	0	1206	1367	2150	2172
12	.	O	O	-	0	1206	1367	2150	2172
0		O	O	-	0	900	980	2172	2196
1	Sluzkij	B-PER	O	-	0	900	980	2172	2196
2	,	O	O	-	0	900	980	2172	2196
3	S.	O	O	-	0	994	1018	2174	2193
4	B.	O	O	-	0	1032	1055	2174	2193
5	—	O	O	-	0	1068	1092	2185	2187
6	Leiter	O	O	-	0	1104	1165	2174	2193
7	des	O	O	-	0	1178	1210	2175	2194
8	Aſerbejdſhaniſchen	B-ORG	O	-	0	1225	1413	2175	2198
9	Erdölkombinates	I-ORG	O	-	0	1427	1532	2176	2196
10	.	O	O	-	0	947	1027	2198	2217
0		O	O	-	0	1340	1341	2211	2212
1	Roſenojer	I-PER	O	-	0	899	1005	2221	2244
2	,	O	O	-	0	899	1005	2221	2244
3	S.	O	O	-	0	1020	1044	2223	2242
4	L.	O	O	-	0	1060	1079	2223	2241
5	—	O	O	-	0	1095	1119	2234	2236
6	Leiter	O	O	-	0	1133	1194	2223	2243
7	des	O	O	-	0	1209	1241	2224	2243
8	Erdöltruſts	O	O	-	0	1257	1373	2224	2246
9	—	O	O	-	0	1388	1413	2235	2237
10	und	O	O	-	0	1427	1464	2225	2244
11	Gasinduſtrie	O	O	-	0	1482	1531	2225	2244
12	in	O	O	-	0	1046	1067	2247	2266
13	Grosnyi	B-LOC	O	-	0	1078	1169	2247	2270
14	.	O	O	-	0	1078	1169	2247	2270
0		O	O	-	0	898	1020	2270	2293
1	Falkowitſch	B-PER	O	-	0	898	1020	2270	2293
2	,	O	O	-	0	898	1020	2270	2293
3	S.	O	O	-	0	1032	1056	2272	2291
4	J.	O	O	-	0	1069	1091	2272	2294
5	—	O	O	-	0	1102	1127	2283	2285
6	Leiter	O	O	-	0	1138	1198	2272	2292
7	der	O	O	-	0	1210	1242	2273	2292
8	Maſchinenbaufabrik	O	O	-	0	1254	1458	2273	2295
9	„	O	O	-	0	1471	1531	2274	2295
10	Ordſhonikidſe	B-ORG	O	-	0	1471	1531	2274	2295
11	“	O	O	-	0	945	1054	2296	2318
12	in	O	O	-	0	1068	1089	2296	2316
13	Kramatorſk	B-LOC	O	-	0	1101	1225	2296	2319
14	.	O	O	-	0	1101	1225	2296	2319
0		O	O	-	0	899	1010	2319	2343
1	Levenberg	B-PER	O	-	0	899	1010	2319	2343
2	,	O	O	-	0	899	1010	2319	2343
3	M.	O	O	-	0	1021	1050	2321	2340
4	G.	O	O	-	0	1061	1085	2321	2340
5	—	O	O	-	0	1095	1119	2332	2334
6	Chefingenieur	O	O	-	0	1130	1275	2321	2344
7	der	O	O	-	0	1286	1317	2322	2341
8	Maſchinenbaufabrik	O	O	-	0	1328	1531	2322	2345
9	„	O	O	-	0	948	1117	2345	2367
10	Ordſhonikidſe	O	O	-	0	948	1117	2345	2367
11	“	O	O	-	0	948	1117	2345	2367
12	.	O	O	-	0	948	1117	2345	2367
0		O	O	-	0	898	1017	2368	2391
1	Schejmann	B-PER	O	-	0	898	1017	2368	2391
2	,	I-PER	O	-	0	898	1017	2368	2391
3	J.	O	O	-	0	1031	1053	2370	2391
4	B.	O	O	-	0	1068	1091	2370	2389
5	—	O	O	-	0	1105	1129	2366	2383
6	Direktor	O	O	-	0	1143	1230	2370	2390
7	der	O	O	-	0	1244	1275	2371	2390
8	Lokomotivbaufabrik	O	O	-	0	1290	1494	2371	2394
9	in	O	O	-	0	1509	1530	2372	2391
10	Woroſchilowgrad	B-LOC	O	-	0	946	1125	2394	2416
11	.	O	O	-	0	946	1125	2394	2416
0		O	O	-	0	897	998	2417	2441
1	Jzſchaken	O	O	-	0	897	998	2417	2441
2	,	O	O	-	0	897	998	2417	2441
3	Joſef	B-PER	O	-	0	1013	1071	2419	2441
4	,	O	O	-	0	1013	1071	2419	2441
5	Jſaakſohn	B-PER	O	-	0	1086	1188	2419	2441
6	—	O	O	-	0	1202	1226	2430	2432
7	Direktor	O	O	-	0	1240	1326	2419	2439
8	der	O	O	-	0	1341	1373	2420	2439
9	Turbogeneratorenfabrik	O	O	-	0	1387	1529	2420	2442
10	in	O	O	-	0	1071	1092	2443	2462
11	Charkow	B-LOC	O	-	0	1105	1200	2444	2465
12	.	O	O	-	0	1105	1200	2444	2465
0		O	O	-	0	899	983	2466	2489
1	Fränkel	B-PER	O	-	0	899	983	2466	2489
2	,	I-PER	O	-	0	899	983	2466	2489
3	A.	O	O	-	0	1002	1023	2468	2487
4	M.	O	O	-	0	1042	1071	2468	2487
5	—	O	O	-	0	1088	1113	2478	2481
6	Techniſcher	O	O	-	0	1130	1241	2468	2490
7	Direktor	O	O	-	0	1259	1345	2469	2488
8	des	O	O	-	0	1364	1395	2469	2488
9	Dnjepropetrowſker	B-ORG	O	-	0	1414	1529	2469	2492
10	Aluminiumkombinats	O	O	-	0	1044	1275	2492	2512
11	.	O	O	-	0	1044	1275	2492	2512
0		O	O	-	0	899	1036	2515	2539
1	Slotſchewſkij	O	O	-	0	899	1036	2515	2539
2	,	O	O	-	0	899	1036	2515	2539
3	Jlja	B-PER	O	-	0	1064	1108	2517	2539
4	Jeſaiasſohn	O	O	-	0	1137	1258	2517	2539
5	—	O	O	-	0	1280	1304	2528	2530
6	Werksdirektor	O	O	-	0	1327	1470	2517	2537
7	der	O	O	-	0	1499	1530	2518	2537
8	Makeewſker	B-ORG	O	-	0	946	1065	2541	2563
9	Metallurgiſchen	I-ORG	O	-	0	1080	1241	2541	2564
10	Fabrik	I-ORG	O	-	0	1256	1328	2542	2564
11	.	O	O	-	0	1256	1328	2542	2564
0		O	O	-	0	900	1005	2564	2587
1	Granberg	B-PER	O	-	0	900	1005	2564	2587
2	,	O	O	-	0	900	1005	2564	2587
3	Lpibim	O	O	-	0	1016	1090	2565	2588
4	Jſaaksſohn	I-PER	O	-	0	1102	1215	2566	2588
5	—	I-PER	O	-	0	1226	1250	2577	2579
6	Werksdirektor	O	O	-	0	1261	1404	2566	2586
7	der	O	O	-	0	1416	1447	2567	2586
8	metalllurgiſchen	O	O	-	0	1458	1529	2567	2586
9	Fabrik	O	O	-	0	1059	1126	2590	2612
10	„	O	O	-	0	1140	1291	2590	2613
11	Dſerſhinſkyj	O	O	-	0	1140	1291	2590	2613
12	“	O	O	-	0	1140	1291	2590	2613
13	.	O	O	-	0	1140	1291	2590	2613
0		O	O		0	897	1038	2613	2636
1	Rawikowitſch	B-PER	O	-	0	897	1038	2613	2636
2	,	I-PER	O	-	0	897	1038	2613	2636
3	Efim	B-PER	O	-	0	1056	1107	2614	2636
4	Moſesſohn	I-PER	O	-	0	1124	1233	2615	2637
5	—	I-PER	O	-	0	1248	1273	2626	2628
6	Leiter	O	O	-	0	1288	1349	2615	2635
7	des	O	O	-	0	1365	1398	2616	2635
8	Maſchinenbaus	O	O	-	0	1415	1528	2615	2638
9	der	O	O	-	0	1008	1040	2639	2658
10	Tula⸗Waffenfabrik	B-ORG	O	-	0	1054	1254	2639	2661
11	.	O	O	-	0	1054	1254	2639	2661
0		O	O	-	0	899	1028	2663	2685
1	Neuerdings	O	O	-	0	899	1028	2663	2685
2	:	O	O	-	0	899	1028	2663	2685
3	Bruskin	B-PER	O	-	0	1040	1130	2663	2686
4	,	I-PER	O	-	0	1040	1130	2663	2686
5	A.	I-PER	O	-	0	1141	1163	2664	2682
6	—	O	O	-	0	1173	1198	2674	2676
7	Zweiter	O	O	-	0	1208	1277	2664	2686
8	ſtellvertretender	O	O	-	0	1278	1461	2664	2686
9	Kommiſſar	O	O	-	0	1472	1528	2664	2684
10	der	O	O	-	0	1021	1052	2688	2707
11	Schwerinduſtrie	O	O	-	0	1065	1229	2688	2711
12	(	O	O	-	0	1243	1379	2688	2711
13	„	O	O	-	0	1243	1379	2688	2711
14	Jsweſtija	O	O	-	0	1243	1379	2688	2711
15	“	O	O	-	0	1243	1379	2688	2711
16	,	O	O	-	0	1243	1379	2688	2711
17	Nr.	O	O	-	0	1392	1426	2689	2708
18	183	O	O	-	0	1439	1473	2689	2707
19	vom	O	O	-	0	1486	1528	2691	2708
20	7.	O	O	-	0	946	962	2712	2731
21	Auguſt	O	O	-	0	974	1045	2712	2735
22	1936	O	O	-	0	1056	1110	2712	2735
23	)	O	O	-	0	1056	1110	2712	2735
24	uſw.	O	O	-	0	1122	1166	2712	2735
25	Auch	O	O	-	0	934	981	2742	2764
26	in	O	O	-	0	997	1018	2742	2761
27	der	O	O	-	0	1034	1065	2742	2761
28	Leitung	O	O	-	0	1081	1161	2742	2765
29	der	O	O	-	0	1177	1208	2743	2761
30	Aufrüſtungsinduſtrie	O	O	-	0	1224	1443	2743	2765
31	iſt	O	O	-	0	1459	1481	2743	2765
32	der	O	O	-	0	1497	1527	2744	2763
33	Prozentſatz	O	O	-	0	899	1011	2767	2789
34	des	O	O	-	0	1021	1053	2767	2785
35	Judentums	O	O	-	0	1063	1182	2767	2789
36	mit	O	O	-	0	1192	1227	2767	2786
37	95	O	O	-	0	1237	1260	2768	2786
38	bis	O	O	-	0	1270	1300	2767	2786
39	98	O	O	-	0	1311	1333	2768	2786
40	v.	O	O	-	0	1343	1360	2770	2787
41	H.	O	O	-	0	1367	1390	2768	2790
42	zu	O	O	-	0	1401	1423	2773	2790
43	erreichen	O	O	-	0	1434	1526	2768	2790
44	.	O	O	-	0	1434	1526	2768	2790
0		O	O	-	0	934	986	2792	2812
1	„	O	O	-	0	934	986	2792	2812
2	Das	O	O	-	0	934	986	2792	2812
3	Volkskommiſſariat	O	O	-	0	1005	1194	2790	2813
4	für	O	O	-	0	1212	1243	2791	2814
5	Ernährung	O	O	-	0	1260	1362	2791	2814
6	beſteht	O	O	-	0	1364	1458	2792	2814
7	eben—falls	O	O	-	0	1476	1527	2792	2812
8	zu	O	O	-	0	956	977	2821	2838
9	96	O	O	-	0	989	1012	2816	2834
10	v.	O	O	-	0	1024	1041	2818	2835
11	H.	O	O	-	0	1053	1076	2816	2838
12	aus	O	O	-	0	1088	1124	2818	2835
13	Juden	O	O	-	0	1137	1208	2816	2838
14	.	O	O	-	0	1137	1208	2816	2838
0		O	O	-	0	1226	1332	2817	2835
1	Darunter	O	O	-	0	1226	1332	2817	2835
2	:	O	O	-	0	1226	1332	2817	2835
3	Belenkij	B-PER	O	-	0	898	987	2844	2867
4	,	O	O	-	0	898	987	2844	2867
5	Markus	B-PER	O	-	0	1004	1089	2845	2867
6	,	O	O	-	0	1004	1089	2845	2867
7	Natansſohn	B-PER	O	-	0	1107	1228	2845	2868
8	—	O	O	-	0	898	1527	2844	2868
9	ſtellvertretender	O	O	-	0	1243	1446	2846	2868
10	Volkskommiſſar	O	O	-	0	1463	1527	2846	2866
11	für	O	O	-	0	1061	1093	2870	2892
12	Ernährung	O	O	-	0	1106	1225	2870	2892
13	.	O	O	-	0	1106	1225	2870	2892
0		O	O	-	0	897	966	2893	2915
1	Dukor	B-PER	O	-	0	897	966	2893	2915
2	,	O	O	-	0	897	966	2893	2915
3	Hirſch	B-PER	O	-	0	982	1047	2894	2916
4	,	O	O	-	0	982	1047	2894	2916
5	Joſefsſohn	B-PER	O	-	0	1064	1174	2894	2916
6	—	O	O	-	0	1189	1213	2905	2907
7	Leiter	O	O	-	0	1228	1288	2894	2913
8	der	O	O	-	0	1304	1335	2895	2913
9	Finanzabteilung	O	O	-	0	1352	1526	2894	2917
10	.	O	O	-	0	1352	1526	2894	2917
0		O	O	-	0	897	1010	2918	2941
1	Schatſchan	B-PER	O	-	0	897	1010	2918	2941
2	,	O	O	-	0	897	1010	2918	2941
3	Abrahamsſohn	B-PER	O	-	0	1027	1178	2919	2941
4	—	O	O	-	0	1194	1218	2930	2931
5	Leiter	O	O	-	0	1234	1294	2919	2938
6	der	O	O	-	0	1311	1343	2919	2938
7	Planwirtſchaftsabteilung	O	O	-	0	1360	1527	2919	2941
8	.	O	O	-	0	946	1047	2943	2965
0		O	O	-	0	897	1023	2967	2990
1	Strikowskij	B-PER	O	-	0	897	1023	2967	2990
2	,	O	O	-	0	897	1023	2967	2990
3	Leo	B-PER	O	-	0	1040	1080	2968	2989
4	,	O	O	-	0	1040	1080	2968	2989
5	Saulsſohn	B-PER	O	-	0	1098	1206	2967	2990
6	—	O	O	-	0	1222	1246	2979	2980
7	Leiter	O	O	-	0	1261	1322	2968	2987
8	der	O	O	-	0	1338	1370	2968	2987
9	Hauptverwaltung	O	O	-	0	1386	1527	2968	2990
10	der	O	O	-	0	1005	1026	2992	3011
11	Fleiſchinduſtrie	O	O	-	0	1027	1210	2992	3014
12	.	O	O	-	0	1027	1210	2992	3014
0		O	O	-	0	898	972	3016	3039
1	Gieber	B-PER	O	-	0	898	972	3016	3039
2	,	I-PER	O	-	0	898	972	3016	3039
3	B.	B-PER	O	-	0	985	1007	3017	3036
4	W.	O	O	-	0	1021	1049	3017	3036
5	—	O	O	-	0	1061	1085	3027	3029
6	Leiter	O	O	-	0	1097	1156	3017	3036
7	der	O	O	-	0	1170	1200	3017	3036
8	Hauptverwaltung	O	O	-	0	1213	1395	3017	3039
9	der	O	O	-	0	1407	1439	3017	3036
10	Butterinduſtrie	O	O	-	0	1452	1527	3017	3036
11	.	O	O	-	0	945	1040	3041	3063
0		O	O	-	0	897	1002	3065	3088
1	Bronſtein	B-PER	O	-	0	897	1002	3065	3088
2	,	O	O	-	0	897	1002	3065	3088
3	G.	B-PER	O	-	0	1013	1037	3066	3086
4	A.	O	O	-	0	1048	1070	3066	3084
5	—	O	O	-	0	1080	1104	3076	3078
6	Leiter	O	O	-	0	1114	1175	3066	3084
7	der	O	O	-	0	1186	1216	3066	3084
8	Hauptverwaltung	O	O	-	0	1227	1409	3066	3088
9	der	O	O	-	0	1420	1451	3066	3085
10	Milchinduſtrie	O	O	-	0	1463	1527	3066	3088
11	.	O	O	-	0	919	1039	3090	3112
0		O	O	-	0	2119	2120	150	150
1	Sawodnik	I-PER	O	-	0	1548	1689	160	183
2	,	O	O	-	0	1548	1689	160	183
3	J.	O	O	-	0	1701	1723	162	184
4	S.	O	O	-	0	1735	1759	162	180
5	—	O	O	-	0	1771	1795	173	174
6	Leiter	O	O	-	0	1806	1867	162	181
7	der	O	O	-	0	1879	1910	163	181
8	Hauptverwaltung	O	O	-	0	1922	2104	162	185
9	der	O	O	-	0	2116	2147	164	183
10	Makkaroniinduſtrie	O	O	-	0	2159	2211	164	183
11	.	O	O	-	0	2159	2211	164	183
0		O	O	-	0	2159	2211	164	183
1	Verantwortlich	O	O	-	0	1600	1745	3164	3184
2	:	O	O	-	0	1600	1745	3164	3184
3	Kurt	B-PER	O	-	0	1759	1803	3163	3180
4	Schwartzkopff	I-PER	O	-	0	1815	1944	3164	3185
5	,	O	O	-	0	1815	1944	3164	3185
6	Berlin⸗Wilmersdorf	B-LOC	O	-	0	1956	2148	3164	3186
7	.	O	O	-	0	1628	1788	186	208
0		O	O	-	0	1579	1645	209	232
1	Kiſſin	B-PER	O	-	0	1579	1645	209	232
2	,	O	O	-	0	1579	1645	209	232
3	Abraham	I-PER	O	-	0	1659	1759	210	233
4	,	O	O	-	0	1659	1759	210	233
5	Ananjasſohn	B-PER	O	-	0	1773	1905	211	234
6	—	O	O	-	0	1917	1941	222	224
7	Leiter	O	O	-	0	1953	2014	212	231
8	der	O	O	-	0	2027	2058	212	231
9	Hauptverwaltung	O	O	-	0	2070	2211	213	234
10	der	O	O	-	0	1690	1721	235	253
11	Bierhefeinduſtrie	O	O	-	0	1737	1918	235	257
12	.	O	O	-	0	1737	1918	235	257
0		O	O	-	0	1578	1652	258	280
1	Simin	B-PER	O	-	0	1578	1652	258	280
2	,	O	O	-	0	1578	1652	258	280
3	Miron	B-PER	O	-	0	1671	1743	259	280
4	,	O	O	-	0	1671	1743	259	280
5	Jſaaksſohn	B-PER	O	-	0	1762	1876	260	282
6	—	B-PER	O	-	0	1893	1918	271	273
7	Bevollmächtigter	O	O	-	0	1936	2107	260	283
8	des	O	O	-	0	2126	2157	261	280
9	Ernährungskommiſſarriats	B-ORG	O	-	0	2177	2210	262	280
10	für	O	O	-	0	1897	1929	284	306
11	das	O	O	-	0	1945	1979	285	304
12	Leningrader	B-LOC	O	-	0	1995	2121	285	307
13	Gebiet	O	O	-	0	2139	2209	286	305
14	.	O	O	-	0	2139	2209	286	305
0		O	O	-	0	1578	1718	306	330
1	Nikolajewſkij	B-PER	O	-	0	1578	1718	306	330
2	,	I-PER	O	-	0	1578	1718	306	330
3	Leo	I-PER	O	-	0	1732	1773	308	329
4	,	O	O	-	0	1732	1773	308	329
5	Salomonsſohn	O	O	-	0	1788	1941	309	331
6	—	O	O	-	0	1955	1979	320	321
7	Bevollmächtigter	O	O	-	0	1993	2163	309	332
8	des	O	O	-	0	2178	2209	311	329
9	Ernährungskommiſſariats	O	O	-	0	1625	1897	332	354
10	für	O	O	-	0	1911	1943	333	354
11	die	O	O	-	0	1956	1985	333	353
12	Ukraine	B-LOC	O	-	0	1999	2083	333	353
13	.	O	O	-	0	1999	2083	333	353
0		O	O	-	0	1577	1696	355	378
1	Breitmann	B-PER	O	-	0	1577	1696	355	378
2	,	I-PER	O	-	0	1577	1696	355	378
3	Alexander	I-PER	O	-	0	1708	1817	357	378
4	,	O	O	-	0	1708	1817	357	378
5	Salomonsſohn	O	O	-	0	1830	1983	357	380
6	—	O	O	-	0	1994	2018	369	370
7	Leiter	O	O	-	0	2029	2089	358	377
8	des	O	O	-	0	2101	2132	358	377
9	Ukrainiſchen	O	O	-	0	2145	2208	359	378
10	Konſerventruſts	O	O	-	0	1707	1877	381	403
11	.	O	O	-	0	1707	1877	381	403
0		O	O	-	0	1610	1652	406	426
1	„	O	O	-	0	1610	1652	406	426
2	Da	O	O	-	0	1610	1652	406	426
3	laut	O	O	-	0	1668	1709	406	425
4	ſeinem	O	O	-	0	1726	1793	406	427
5	Talmud⸗Religionsgeſetz	O	O	-	0	1809	2055	407	429
6	als	O	O	-	0	2072	2101	408	427
7	Ausdruck	O	O	-	0	2118	2209	408	427
8	einer	O	O	-	0	1575	1625	429	449
9	Raſſeneigenart	O	O	-	0	1639	1791	430	452
10	der	O	O	-	0	1806	1837	431	450
11	Jude	O	O	-	0	1850	1902	431	452
12	ungern	O	O	-	0	1916	1990	437	453
13	Soldat	O	O	-	0	2004	2075	432	451
14	wird	O	O	-	0	2089	2141	432	453
15	,	O	O	-	0	2089	2141	432	453
16	da	O	O	-	0	2155	2177	432	451
17	er	O	O	-	0	2192	2209	438	451
18	für	O	O	-	0	1574	1606	453	475
19	kriegeriſche	O	O	-	0	1621	1732	454	476
20	Organiſation	O	O	-	0	1749	1886	454	476
21	und	O	O	-	0	1902	1928	461	474
22	ſtrategiſche	O	O	-	0	1930	2066	456	477
23	Ueberleagung	O	O	-	0	2082	2209	456	477
24	keinerlei	O	O	-	0	1574	1659	477	497
25	Begabung	O	O	-	0	1672	1763	478	500
26	beſitzt	O	O	-	0	1766	1850	478	501
27	,	O	O	-	0	1766	1850	478	501
28	ſo	O	O	-	0	1863	1880	479	501
29	weiſt	O	O	-	0	1893	1943	479	501
30	der	O	O	-	0	1956	1987	480	499
31	Offiziers⸗	O	O	-	0	2000	2101	480	501
32	und	O	O	-	0	2113	2151	481	500
33	Soldatenſtand	O	O	-	0	2164	2209	480	499
34	der	O	O	-	0	1696	1727	503	522
35	Roten	B-ORG	O	-	0	1742	1811	503	522
36	Armee	I-ORG	O	-	0	1818	1874	503	524
37	nicht	O	O	-	0	1877	1946	503	525
38	viel	O	O	-	0	1961	1998	504	523
39	Juden	O	O	-	0	2012	2078	504	525
40	auf	O	O	-	0	2094	2132	505	526
41	.	O	O	-	0	2094	2132	505	526
0		O	O	-	0	2159	2209	504	526
1	Zwei	O	O	-	0	2159	2209	504	526
2	jüdiſche	O	O	-	0	1573	1649	525	548
3	„	O	O	-	0	1664	1778	526	547
4	Generale	O	O	-	0	1664	1778	526	547
5	“	O	O	-	0	1664	1778	526	547
6	bilden	O	O	-	0	1794	1855	527	547
7	allerdings	O	O	-	0	1870	1973	527	549
8	den	O	O	-	0	1988	2022	528	548
9	Stolz	O	O	-	0	2037	2093	528	549
10	des	O	O	-	0	2108	2139	529	548
11	Weltjudentums	O	O	-	0	2154	2209	529	548
12	;	O	O	-	0	1573	1692	549	572
13	im	O	O	-	0	1707	1733	550	570
14	übrigen	O	O	-	0	1747	1826	551	573
15	aber	O	O	-	0	1841	1884	552	571
16	hat	O	O	-	0	1898	1930	552	573
17	die	O	O	-	0	1944	1972	552	571
18	jüdiſche	O	O	-	0	1986	2062	552	574
19	Sowjetregierung	B-ORG	O	-	0	2076	2209	553	574
20	dafür	O	O	-	0	1639	1694	574	596
21	geſorgt	O	O	-	0	1712	1788	575	597
22	,	O	O	-	0	1712	1788	575	597
23	daß	O	O	-	0	1806	1841	576	597
24	eventuelle	O	O	-	0	1860	1960	576	595
25	national⸗ruſſiſche	O	O	-	0	1978	2153	576	598
26	Jnſtinkte	O	O	-	0	2170	2207	578	598
27	in	O	O	-	0	1647	1667	599	618
28	der	O	O	-	0	1680	1711	599	618
29	Roten	B-ORG	O	-	0	1723	1784	599	619
30	Armee	I-ORG	O	-	0	1797	1853	600	619
31	ſcharf	O	O	-	0	1855	1930	600	622
32	durch	O	O	-	0	1944	1995	600	622
33	jüdiſche	O	O	-	0	2009	2084	600	623
34	Spitzel	O	O	-	0	2097	2167	601	623
35	be—obachtet	O	O	-	0	2179	2207	602	621
36	werden	O	O	-	0	1664	1742	624	642
37	.	O	O	-	0	1664	1742	624	642
0		O	O	-	0	1607	1693	646	669
1	„	O	O	-	0	1607	1693	646	669
2	Darum	O	O	-	0	1607	1693	646	669
3	iſt	O	O	-	0	1716	1737	646	669
4	die	O	O	-	0	1761	1789	647	666
5	ſogeannte	O	O	-	0	1812	1910	647	670
6	Politiſche	O	O	-	0	1927	2071	647	670
7	Verwaltung	O	O	-	0	2088	2207	649	669
8	der	O	O	-	0	1648	1691	671	690
9	Roten	B-ORG	O	-	0	1703	1787	670	691
10	Arbeiter⸗	I-ORG	O	-	0	1799	1938	671	691
11	und	I-ORG	O	-	0	1950	2000	673	692
12	Bauernarmee	I-ORG	O	-	0	2013	2206	672	693
13	geſchaffen	O	O	-	0	1572	1697	693	717
14	worden	O	O	-	0	1705	1803	695	715
15	,	O	O	-	0	1705	1803	695	715
16	die	O	O	-	0	1805	1850	696	717
17	ein	O	O	-	0	1861	1892	696	716
18	rein	O	O	-	0	1905	1945	696	716
19	jüdiſches	O	O	-	0	1958	2087	696	719
20	Jnſtrument	O	O	-	0	2100	2206	697	719
21	darſtellt	O	O	-	0	1632	1740	719	741
22	.	O	O	-	0	1632	1740	719	741
0		O	O	-	0	1767	1802	719	739
1	Bei	O	O	-	0	1767	1802	719	739
2	jedem	O	O	-	0	1816	1874	719	742
3	Befehlshaber	O	O	-	0	1890	2023	720	748
4	iſt	O	O	-	0	2038	2060	721	743
5	ein	O	O	-	0	2075	2105	721	741
6	jüdiſcher	O	O	-	0	2120	2206	721	744
7	Spion	O	O	-	0	1572	1636	742	764
8	dabei	O	O	-	0	1652	1710	743	765
9	,	O	O	-	0	1652	1710	743	765
10	jederzeit	O	O	-	0	1725	1810	743	766
11	bereit	O	O	-	0	1825	1888	744	766
12	,	O	O	-	0	1825	1888	744	766
13	einen	O	O	-	0	1902	1957	750	764
14	Offizier	O	O	-	0	1972	2054	744	767
15	der	O	O	-	0	2069	2100	746	765
16	jüdiſchen	O	O	-	0	2116	2205	746	768
17	Mord⸗GPU	O	O	-	0	1571	1693	766	789
18	zu	O	O	-	0	1714	1736	773	789
19	überliefern	O	O	-	0	1758	1877	767	790
20	.	O	O	-	0	1758	1877	767	790
0		O	O	-	0	1904	1934	768	788
1	An	O	O	-	0	1904	1934	768	788
2	der	O	O	-	0	1956	1986	769	789
3	Spitze	O	O	-	0	2009	2070	769	792
4	dieſer	O	O	-	0	2092	2148	770	792
5	das	O	O	-	0	2170	2205	771	790
6	ganze	O	O	-	0	1572	1627	795	813
7	ruſſiſche	O	O	-	0	1648	1727	791	813
8	Offizierskorps	O	O	-	0	1747	1895	791	814
9	entwürdigenden	O	O	-	0	1917	2079	793	815
10	politiſchen	O	O	-	0	2100	2204	794	816
11	Kontrolle	O	O	-	0	1572	1668	814	834
12	der	O	O	-	0	1681	1712	816	835
13	Roten	B-ORG	O	-	0	1725	1785	815	836
14	Armee	I-ORG	O	-	0	1798	1864	816	836
15	ſteht	O	O	-	0	1877	1920	816	839
16	der	O	O	-	0	1933	1964	817	837
17	Jude	O	O	-	0	1977	2028	817	839
18	Jankel	B-PER	O	-	0	2041	2140	818	840
19	Gamarnik	I-PER	O	-	0	2154	2203	819	838
20	aus	O	O	-	0	1685	1720	843	859
21	Kiew	B-LOC	O	-	0	1734	1791	840	860
22	.	O	O	-	0	1734	1791	840	860
0		O	O	-	0	1815	1855	841	862
1	Dazu	O	O	-	0	1815	1855	841	862
2	noch	O	O	-	0	1856	1931	841	862
3	:	O	O	-	0	1856	1931	841	862
4	Schifres	B-PER	O	-	0	1572	1661	862	885
5	,	O	O	-	0	1572	1661	862	885
6	Aekadius	B-PER	O	-	0	1676	1768	864	884
7	Leoſſon	I-PER	O	-	0	1783	1858	865	887
8	—	O	O	-	0	1871	1895	876	878
9	Leiter	O	O	-	0	1909	1969	865	885
10	der	O	O	-	0	1984	2014	866	885
11	Kriegswirtſchaftlichen	O	O	-	0	2029	2203	866	889
12	Akademie	O	O	-	0	1689	1791	888	910
13	,	O	O	-	0	1689	1791	888	910
0		O	O		0	1570	1637	910	933
1	Stern	B-ORG	O	-	0	1570	1637	910	933
2	,	O	O	-	0	1570	1637	910	933
3	Gregor	B-PER	O	-	0	1647	1719	912	934
4	Jſaaksſon	I-PER	O	-	0	1728	1829	913	935
5	—	O	O	-	0	1838	1862	924	926
6	Sonderbeauftragter	O	O	-	0	1870	2074	914	936
7	des	O	O	-	0	2083	2115	915	935
8	Kriegskommiſſars	O	O	-	0	2124	2201	916	938
9	,	O	O	-	0	1618	1739	936	958
0		O	O		0	1571	1661	958	982
1	Gekker	B-PER	O	-	0	1571	1661	958	982
2	,	O	O	-	0	1571	1661	958	982
3	Samuel	B-PER	O	-	0	1662	1743	960	980
4	Aronsſohn	I-PER	O	-	0	1761	1869	961	983
5	—	O	O	-	0	1886	1910	972	975
6	Leiter	O	O	-	0	1927	1987	962	982
7	der	O	O	-	0	2004	2035	963	982
8	Abteilung	O	O	-	0	2052	2154	963	986
9	für	O	O	-	0	2172	2202	964	986
10	auswärtige	O	O	-	0	1616	1733	985	1007
11	Beziehungen	O	O	-	0	1756	1886	985	1008
12	im	O	O	-	0	1910	1936	986	1005
13	Volkskommiſſariat	O	O	-	0	1959	2148	987	1009
14	für	I-ORG	O	-	0	2172	2203	989	1010
15	Landesverteidigung	I-ORG	O	-	0	1618	1827	1008	1031
16	,	O	O	-	0	1618	1827	1008	1031
0		O	O		0	1569	1670	1031	1055
1	Kaſanſkij	O	O	-	0	1569	1670	1031	1055
2	,	O	O	-	0	1569	1670	1031	1055
3	Eugen	B-PER	O	-	0	1697	1762	1033	1055
4	Simonsſohn	I-PER	O	-	0	1788	1916	1034	1056
5	—	O	O	-	0	1941	1966	1046	1047
6	Leiter	O	O	-	0	1991	2051	1035	1055
7	der	O	O	-	0	2077	2108	1037	1056
8	Mobilmachungshauptverwaltung	O	O	-	0	2133	2204	1037	1056
9	der	O	O	-	0	1913	1944	1059	1078
10	RKKA.	B-ORG	O	-	0	1963	2044	1059	1081
11	,	O	O	-	0	1963	2044	1059	1081
0		O	O		0	1560	1612	3188	3205
1	Druck	O	O	-	0	1560	1612	3188	3205
2	und	O	O	-	0	1624	1657	3188	3205
3	Verlag	O	O	-	0	1669	1740	3188	3214
4	:	O	O	-	0	1669	1740	3188	3214
5	Deutſches	O	O	-	0	1752	1842	3188	3209
6	Nachrichtenbüro	O	O	-	0	1854	2000	3188	3209
7	G.	I-ORG	O	-	0	2012	2034	3189	3206
8	m.	O	O	-	0	2040	2062	3194	3205
9	b.	O	O	-	0	2068	2083	3189	3206
10	H.	O	O	-	0	2090	2109	3189	3210
11	Berlin	B-LOC	O	-	0	2112	2192	3189	3210
12	.	O	O	-	0	2112	2192	3189	3210
0		O	O	-	0	1569	1683	1079	1103
1	Fiſchmann	O	O	-	0	1569	1683	1079	1103
2	,	O	O	-	0	1569	1683	1079	1103
3	Jakob	B-PER	O	-	0	1696	1757	1081	1103
4	Moſesſohn	I-PER	O	-	0	1766	1881	1081	1104
5	—	O	O	-	0	1894	1918	1093	1095
6	Leiter	O	O	-	0	1931	1992	1083	1103
7	der	O	O	-	0	2005	2036	1084	1104
8	Chemieverwaltung	O	O	-	0	2051	2203	1084	1106
9	der	O	O	-	0	1680	1711	1105	1123
10	RKKA.	B-ORG	O	-	0	1724	1800	1105	1124
0		O	O	-	0	1569	1641	1127	1151
1	Aſchlei	B-PER	O	-	0	1569	1641	1127	1151
2	,	O	O	-	0	1569	1641	1127	1151
3	Peter	B-PER	O	-	0	1657	1713	1130	1149
4	Moſesſohn	I-PER	O	-	0	1728	1837	1130	1152
5	—	O	O	-	0	1852	1876	1141	1143
6	Leiter	O	O	-	0	1890	1951	1131	1151
7	der	O	O	-	0	1966	1997	1132	1152
8	Finanzverwaltung	O	O	-	0	2013	2202	1132	1155
9	der	O	O	-	0	1618	1650	1152	1171
10	RKKA	B-ORG	O	-	0	1665	1741	1153	1172
11	.	O	O	-	0	1665	1741	1153	1172
0		O	O	-	0	1569	1679	1176	1200
1	Rogowſkij	B-PER	O	-	0	1569	1679	1176	1200
2	,	O	O	-	0	1569	1679	1176	1200
3	Nahum	B-PER	O	-	0	1702	1778	1178	1200
4	Jeſaiasſohn	I-PER	O	-	0	1800	1922	1178	1201
5	—	O	O	-	0	1943	1967	1190	1192
6	Leiter	O	O	-	0	1975	2049	1180	1199
7	der	O	O	-	0	2072	2103	1181	1200
8	militär⸗wirtſchaftlichen	O	O	-	0	2119	2199	1181	1200
9	Verwaltung	O	O	-	0	1783	1911	1203	1225
10	.	O	O	-	0	1783	1911	1203	1225
0		O	O	-	0	1567	1637	1224	1248
1	Landa	B-PER	O	-	0	1567	1637	1224	1248
2	,	O	O	-	0	1567	1637	1224	1248
3	Moſes	O	O	-	0	1652	1715	1227	1249
4	Moſesſohn	O	O	-	0	1729	1839	1227	1250
5	—	O	O	-	0	1853	1877	1239	1241
6	Hauptſchriftleiter	O	O	-	0	1890	2067	1229	1251
7	der	O	O	-	0	2082	2113	1230	1250
8	„	O	O	-	0	2128	2200	1230	1252
9	Kraſſnaia	O	O	-	0	2128	2200	1230	1252
10	Swesda	O	O	-	0	1672	1773	1251	1273
11	“	O	O	-	0	1672	1773	1251	1273
12	,	O	O	-	0	1672	1773	1251	1273
0		O	O		0	1568	1677	1274	1297
1	Luromwſkij	I-PER	O	-	0	1568	1677	1274	1297
2	,	O	O	-	0	1568	1677	1274	1297
3	Simon	B-PER	O	-	0	1689	1760	1275	1295
4	Jakobſohn	I-PER	O	-	0	1772	1877	1276	1298
5	—	O	O	-	0	1889	1913	1287	1289
6	Leiter	O	O	-	0	1924	1973	1277	1296
7	der	O	O	-	0	1975	2016	1278	1297
8	politiſchen	O	O	-	0	2018	2141	1276	1300
9	Verwaltung	O	O	-	0	2154	2199	1279	1298
10	der	O	O	-	0	1712	1732	1300	1319
11	Luftſtreitkräfte	O	O	-	0	1734	1908	1300	1322
12	der	O	O	-	0	1920	1951	1302	1321
13	RKKA.	B-ORG	O	-	0	1964	2045	1302	1323
14	,	O	O	-	0	1964	2045	1302	1323
0		O	O		0	1567	1741	1321	1345
1	Gernmanowitſch	B-PER	O	-	0	1567	1741	1321	1345
2	,	O	O	-	0	1567	1741	1321	1345
3	Moſes	B-PER	O	-	0	1757	1820	1324	1346
4	Jakobsſohn	I-PER	O	-	0	1837	1954	1325	1347
5	—	O	O	-	0	1969	1993	1336	1338
6	politiſcher	O	O	-	0	2008	2109	1326	1348
7	Gehilfe	O	O	-	0	2125	2198	1327	1349
8	des	O	O	-	0	1614	1646	1347	1367
9	Kommandeurs	O	O	-	0	1669	1819	1347	1368
10	des	O	O	-	0	1842	1874	1349	1368
11	Nordkaukaſiſchen	O	O	-	0	1898	2068	1349	1372
12	Militärbezirks	O	O	-	0	2091	2198	1351	1371
13	,	O	O	-	0	1614	1666	1371	1392
0		O	O		0	1566	1644	1393	1417
1	Uritzkij	B-PER	O	-	0	1566	1644	1393	1417
2	,	O	O	-	0	1566	1644	1393	1417
3	Salomon	B-PER	O	-	0	1660	1754	1396	1416
4	B.	I-PER	O	-	0	1770	1792	1397	1416
5	—	O	O	-	0	1807	1823	1408	1410
6	politiſcher	O	O	-	0	1823	1944	1397	1420
7	Gehilfe	O	O	-	0	1961	2034	1398	1420
8	des	O	O	-	0	2050	2081	1399	1419
9	Kommandeurs	O	O	-	0	2097	2198	1399	1419
10	des	O	O	-	0	1686	1718	1421	1440
11	Transkaukaſiſchen	O	O	-	0	1734	1918	1421	1444
12	Militärbezirks	O	O	-	0	1934	2088	1422	1445
13	,	O	O	-	0	1934	2088	1422	1445
0		O	O		0	1566	1649	1442	1465
1	Tairow	B-PER	O	-	0	1566	1649	1442	1465
2	,	O	O	-	0	1566	1649	1442	1465
3	G.	B-PER	O	-	0	1660	1684	1444	1464
4	A.	O	O	-	0	1696	1718	1445	1464
5	—	O	O	-	0	1728	1752	1455	1458
6	politiſcher	O	O	-	0	1762	1862	1445	1467
7	Gehilfe	O	O	-	0	1875	1948	1446	1468
8	des	O	O	-	0	1960	1991	1447	1467
9	Kommandeurs	O	O	-	0	2003	2142	1447	1468
10	des	O	O	-	0	2144	2196	1449	1468
11	Sibiriſchen	O	O	-	0	1615	1728	1467	1490
12	Militärbezirks	O	O	-	0	1739	1892	1469	1491
13	,	O	O	-	0	1739	1892	1469	1491
0		O	O		0	1566	1690	1491	1515
1	Aronſtamm	B-PER	O	-	0	1566	1690	1491	1515
2	,	O	O	-	0	1566	1690	1491	1515
3	Lazarus	B-PER	O	-	0	1701	1784	1493	1515
4	Natumsſohn	I-PER	O	-	0	1796	1924	1494	1517
5	—	O	O	-	0	1566	2197	1491	1518
6	politiſcher	O	O	-	0	1935	2069	1496	1518
7	Gehilfe	O	O	-	0	2081	2155	1497	1518
8	des	O	O	-	0	2166	2197	1498	1517
9	Kommandeurs	O	O	-	0	1613	1752	1517	1537
10	der	O	O	-	0	1755	1800	1518	1538
11	beſonderen	O	O	-	0	1802	1936	1519	1541
12	fernöſtlichen	O	O	-	0	1952	2075	1520	1542
13	Armee	O	O	-	0	2092	2163	1521	1542
14	,	O	O	-	0	2092	2163	1521	1542
0		O	O		0	1568	1798	1539	1564
1	Griſchin⸗Rabinowitſch	B-PER	O	-	0	1568	1798	1539	1564
2	,	O	O	-	0	1568	1798	1539	1564
3	Aron	B-PER	O	-	0	1820	1872	1543	1562
4	Samuelsſohn	I-PER	O	-	0	1894	2032	1543	1566
5	—	O	O	-	0	1568	2197	1539	1567
6	politiſcher	O	O	-	0	2053	2197	1545	1567
7	Gehilfe	O	O	-	0	1614	1688	1565	1587
8	des	O	O	-	0	1703	1735	1566	1586
9	Chefs	O	O	-	0	1752	1809	1566	1589
10	der	O	O	-	0	1824	1856	1567	1587
11	Baltiſchen	O	O	-	0	1871	1972	1567	1590
12	Flotte	O	O	-	0	1988	2054	1569	1590
13	,	O	O	-	0	1988	2054	1569	1590
14	uſw.	O	O	-	0	2070	2113	1570	1590
0		O	O		0	1615	1653	1589	1610
1	„	O	O	-	0	1615	1653	1589	1610
2	Es	O	O	-	0	1615	1653	1589	1610
3	iſt	O	O	-	0	1667	1688	1590	1612
4	klar	O	O	-	0	1701	1745	1590	1611
5	,	O	O	-	0	1701	1745	1590	1611
6	daß	O	O	-	0	1752	1788	1590	1612
7	damit	O	O	-	0	1795	1845	1591	1610
8	die	O	O	-	0	1847	1889	1591	1610
9	jüdiſche	O	O	-	0	1896	1976	1591	1614
10	Schmarotzerherrſchaft	O	O	-	0	1979	2233	1593	1616
11	durch	O	O	-	0	1565	1618	1613	1635
12	eine	O	O	-	0	1631	1670	1614	1634
13	Unzahl	O	O	-	0	1683	1755	1614	1637
14	von	O	O	-	0	1767	1803	1618	1635
15	großen	O	O	-	0	1816	1885	1616	1638
16	und	O	O	-	0	1898	1935	1617	1636
17	kleinen	O	O	-	0	1949	2019	1617	1637
18	Spionen	O	O	-	0	2032	2136	1617	1639
19	ge—ſichert	O	O	-	0	2144	2197	1624	1640
20	erſcheint	O	O	-	0	1640	1757	1639	1661
21	,	O	O	-	0	1640	1757	1639	1661
22	und	O	O	-	0	1759	1782	1640	1659
23	wenn	O	O	-	0	1798	1852	1643	1660
24	man	O	O	-	0	1868	1912	1646	1660
25	hinzufügt	O	O	-	0	1928	2032	1641	1663
26	,	O	O	-	0	1928	2032	1641	1663
27	daß	O	O	-	0	2049	2083	1642	1664
28	der	O	O	-	0	2100	2130	1643	1662
29	Jude	O	O	-	0	2146	2197	1643	1664
30	Roſowſki	B-PER	O	-	0	1564	1655	1661	1684
31	am	O	O	-	0	1663	1695	1668	1682
32	7.	O	O	-	0	1704	1721	1663	1683
33	Februar	O	O	-	0	1731	1815	1663	1685
34	1936	O	O	-	0	1825	1871	1665	1683
35	zum	O	O	-	0	1881	1902	1670	1686
36	ſtellvertretenden	O	O	-	0	1904	2097	1666	1687
37	Oberſten	O	O	-	0	2108	2196	1667	1688
38	Staatsanwalt	O	O	-	0	1565	1707	1685	1706
39	der	O	O	-	0	1720	1751	1687	1707
40	Sowjetunion	B-LOC	O	-	0	1765	1899	1688	1710
41	und	O	O	-	0	1912	1950	1690	1708
42	zugleich	O	O	-	0	1964	2040	1690	1711
43	zum	O	O	-	0	2054	2095	1696	1712
44	Oberſten	O	O	-	0	2108	2196	1691	1712
45	Militärſtaatsanwalt	O	O	-	0	1565	1773	1710	1732
46	der	O	O	-	0	1789	1820	1713	1732
47	Roten	B-ORG	O	-	0	1838	1898	1713	1732
48	Armee	I-ORG	O	-	0	1915	1980	1713	1733
49	ernannt	O	O	-	0	1998	2078	1715	1734
50	wurde	O	O	-	0	2094	2163	1716	1737
51	,	O	O	-	0	2094	2163	1716	1737
52	ſo	O	O	-	0	2180	2196	1716	1737
53	ergibt	O	O	-	0	1563	1624	1734	1755
54	ſich	O	O	-	0	1635	1665	1735	1756
55	die	O	O	-	0	1677	1705	1735	1755
56	wahrhaft	O	O	-	0	1716	1809	1736	1758
57	ſymboliſche	O	O	-	0	1820	1931	1737	1759
58	Tatſache	O	O	-	0	1943	2032	1738	1760
59	,	O	O	-	0	1943	2032	1738	1760
60	daß	O	O	-	0	2045	2079	1739	1760
61	die	O	O	-	0	2092	2120	1739	1758
62	Juden	O	O	-	0	2131	2196	1740	1760
63	Kläger	O	O	-	0	1564	1633	1758	1780
64	ſind	O	O	-	0	1647	1685	1759	1781
65	und	O	O	-	0	1700	1737	1760	1779
66	zugleich	O	O	-	0	1753	1830	1760	1782
67	Richter	O	O	-	0	1844	1914	1761	1783
68	über	O	O	-	0	1929	1974	1761	1781
69	das	O	O	-	0	1988	2021	1763	1782
70	Volk	O	O	-	0	2037	2082	1763	1782
71	Rußlands	B-LOC	O	-	0	2096	2196	1764	1785
72	und	O	O	-	0	1564	1602	1783	1801
73	die	O	O	-	0	1616	1645	1782	1802
74	angebliche	O	O	-	0	1659	1760	1784	1806
75	ruſſiſche	O	O	-	0	1774	1853	1785	1806
76	Rote	B-ORG	O	-	0	1867	1914	1785	1805
77	Volksarmee	I-ORG	O	-	0	1928	2052	1786	1806
78	.	O	O	-	0	1928	2052	1786	1806
0		O	O	-	0	1602	1655	1807	1827
1	„	O	O	-	0	1602	1655	1807	1827
2	Das	O	O	-	0	1602	1655	1807	1827
3	Bild	O	O	-	0	1671	1714	1807	1826
4	wäre	O	O	-	0	1730	1769	1808	1827
5	noch	O	O	-	0	1771	1835	1809	1831
6	nicht	O	O	-	0	1850	1896	1809	1831
7	vollendet	O	O	-	0	1911	2007	1810	1832
8	,	O	O	-	0	1911	2007	1810	1832
9	wenn	O	O	-	0	2022	2076	1814	1830
10	nicht	O	O	-	0	2092	2137	1811	1838
11	auch	O	O	-	0	2153	2194	1812	1834
12	die	O	O	-	0	1565	1594	1830	1849
13	geſamte	O	O	-	0	1608	1686	1831	1853
14	außenpolitiſche	O	O	-	0	1700	1850	1832	1855
15	Tätigkeit	O	O	-	0	1866	1957	1833	1856
16	der	O	O	-	0	1971	2001	1834	1854
17	Sowjetunton	B-ORG	O	-	0	2016	2136	1834	1857
18	ſich	B-ORG	O	-	0	2139	2194	1837	1858
19	in	O	O	-	0	1566	1586	1855	1874
20	jüdiſchen	O	O	-	0	1599	1688	1855	1878
21	Händen	O	O	-	0	1701	1779	1857	1878
22	befände	O	O	-	0	1792	1874	1857	1879
23	.	O	O	-	0	1792	1874	1857	1879
0		O	O	-	0	1899	1947	1859	1878
1	Laut	O	O	-	0	1899	1947	1859	1878
2	der	O	O	-	0	1960	1991	1859	1878
3	amtlichen	O	O	-	0	2004	2099	1860	1882
4	Zeitung	O	O	-	0	2112	2194	1861	1883
5	„	O	O	-	0	1567	1686	1880	1902
6	Jsweſtija	B-ORG	O	-	0	1567	1686	1880	1902
7	“	O	O	-	0	1567	1686	1880	1902
8	vom	O	O	-	0	1710	1752	1884	1900
9	S8.	O	O	-	0	1775	1791	1882	1900
10	Mai	O	O	-	0	1809	1852	1882	1901
11	1936	O	O	-	0	1870	1915	1883	1901
12	(	O	O	-	0	1939	1982	1883	1905
13	Nr.	O	O	-	0	1939	1982	1883	1905
14	107	O	O	-	0	2000	2041	1884	1905
15	)	O	O	-	0	2000	2041	1884	1905
16	wurde	O	O	-	0	2066	2129	1885	1904
17	beim	O	O	-	0	2146	2194	1885	1904
18	Volkskommiſſariat	B-ORG	O	-	0	1565	1754	1904	1928
19	des	I-ORG	O	-	0	1769	1800	1906	1925
20	Außenhandels	I-ORG	O	-	0	1817	1961	1907	1929
21	ein	O	O	-	0	1977	2007	1908	1927
22	beratender	O	O	-	0	2022	2128	1909	1928
23	Ausſchuß	O	O	-	0	2144	2193	1910	1929
24	gebildet	O	O	-	0	1633	1716	1929	1952
25	.	O	O	-	0	1633	1716	1929	1952
0		O	O	-	0	1744	1817	1930	1953
1	Dieſem	O	O	-	0	1744	1817	1930	1953
2	gehören	O	O	-	0	1834	1912	1932	1954
3	etwa	O	O	-	0	1929	1975	1933	1951
4	34	O	O	-	0	1991	2013	1933	1951
5	Juden	O	O	-	0	2030	2094	1933	1955
6	an	O	O	-	0	2111	2140	1939	1956
7	,	O	O	-	0	2111	2140	1939	1956
8	von	O	O	-	0	2157	2193	1937	1953
9	denen	O	O	-	0	1566	1623	1953	1973
10	ich	O	O	-	0	1635	1659	1954	1976
11	einige	O	O	-	0	1671	1731	1954	1977
12	nennen	O	O	-	0	1743	1815	1961	1974
13	möchte	O	O	-	0	1827	1900	1956	1978
14	:	O	O	-	0	1827	1900	1956	1978
15	Roſenholz	B-LOC	O	-	0	1565	1672	1977	2001
16	,	O	O	-	0	1565	1672	1977	2001
17	A.	O	O	-	0	1686	1708	1979	1998
18	P.	O	O	-	0	1723	1746	1980	2001
19	—	O	O	-	0	1771	1796	1990	1992
20	Volkskommiſſar	O	O	-	0	1821	1982	1980	2003
21	des	O	O	-	0	1997	2028	1982	2001
22	Außenhandels	O	O	-	0	2043	2193	1982	2004
23	.	O	O	-	0	2043	2193	1982	2004
0		O	O	-	0	1565	1626	2001	2025
1	Barit	O	O	-	0	1565	1626	2001	2025
2	,	O	O	-	0	1565	1626	2001	2025
3	Jakob	B-PER	O	-	0	1643	1703	2003	2025
4	Moſesſohn	I-PER	O	-	0	1721	1830	2004	2027
5	—	O	O	-	0	1846	1870	2016	2017
6	Hauptbuchhalter	O	O	-	0	1886	2052	2005	2028
7	des	O	O	-	0	2070	2101	2007	2026
8	Außenhandelskommiſſariats	O	O	-	0	2119	2192	2007	2029
9	.	O	O	-	0	1614	1841	2028	2051
0		O	O	-	0	1565	1649	2051	2074
1	Briskin	B-PER	O	-	0	1565	1649	2051	2074
2	,	I-PER	O	-	0	1565	1649	2051	2074
3	Moſes	B-PER	O	-	0	1666	1729	2052	2075
4	A.	I-PER	O	-	0	1747	1769	2053	2072
5	—	O	O	-	0	1785	1810	2064	2066
6	Handelsvertreter	O	O	-	0	1826	1998	2054	2076
7	der	O	O	-	0	2016	2046	2055	2074
8	UdSSR.	B-LOC	O	-	0	2063	2155	2056	2075
9	in	O	O	-	0	2172	2192	2057	2076
10	Finnland	B-LOC	O	-	0	1614	1715	2076	2098
11	.	O	O	-	0	1614	1715	2076	2098
0		O	O	-	0	1564	1685	2099	2124
1	Herzenberg	B-LOC	O	-	0	1564	1685	2099	2124
2	,	O	O	-	0	1564	1685	2099	2124
3	Jlja	B-PER	O	-	0	1702	1745	2101	2124
4	Jwanowitſch	I-PER	O	-	0	1761	1890	2102	2126
5	—	O	O	-	0	1912	1936	2114	2116
6	Dienſtrang	O	O	-	0	1958	2070	2104	2127
7	nicht	O	O	-	0	2093	2138	2105	2127
8	an—gegeben	O	O	-	0	2161	2192	2111	2125
9	.	O	O	-	0	1614	1698	2126	2148
0		O	O	-	0	1566	1646	2149	2172
1	Gendin	B-PER	O	-	0	1566	1646	2149	2172
2	,	O	O	-	0	1566	1646	2149	2172
3	Jakob	B-PER	O	-	0	1664	1724	2151	2173
4	Moſesſohn	I-PER	O	-	0	1743	1851	2151	2174
5	—	O	O	-	0	1869	1893	2163	2165
6	Leiter	O	O	-	0	1910	1970	2153	2172
7	der	O	O	-	0	1989	2019	2153	2172
8	Jmportverwaltung	O	O	-	0	2037	2191	2154	2176
9	des	O	O	-	0	1679	1711	2175	2194
10	Außenhandelskommiſſariats	O	O	-	0	1731	2025	2176	2199
11	.	O	O	-	0	1731	2025	2176	2199
0		O	O	-	0	1565	1681	2198	2222
1	Guremitſch	B-PER	O	-	0	1565	1681	2198	2222
2	,	O	O	-	0	1565	1681	2198	2222
3	Samuel	B-PER	O	-	0	1698	1779	2200	2219
4	—	B-PER	O	-	0	1794	1818	2211	2213
5	Dienſtrang	O	O	-	0	1833	1933	2201	2224
6	nicht	O	O	-	0	1935	2007	2202	2224
7	angegeben	O	O	-	0	2023	2132	2203	2225
8	.	O	O	-	0	2023	2132	2203	2225
0		O	O	-	0	1551	1684	2222	2246
1	Diwowitſch	O	O	-	0	1551	1684	2222	2246
2	,	O	O	-	0	1551	1684	2222	2246
3	Abraham	B-PER	O	-	0	1699	1794	2224	2247
4	Jsraelſohn	I-PER	O	-	0	1808	1920	2225	2248
5	—	I-PER	O	-	0	1934	1958	2237	2239
6	Dienſtrang	O	O	-	0	1972	2084	2227	2250
7	nicht	O	O	-	0	2099	2145	2228	2250
8	an—gegeben	O	O	-	0	2160	2191	2234	2247
9	.	O	O	-	0	1614	1697	2248	2270
0		O	O	-	0	1565	1721	2271	2295
1	Sabelyſchinſkij	B-PER	O	-	0	1565	1721	2271	2295
2	,	O	O	-	0	1565	1721	2271	2295
3	Chain	B-PER	O	-	0	1740	1801	2274	2296
4	Moſesſohn	I-PER	O	-	0	1819	1927	2274	2297
5	—	O	O	-	0	1944	1968	2286	2288
6	Leiter	O	O	-	0	1985	2045	2276	2295
7	des	O	O	-	0	2063	2094	2276	2296
8	Sektors	O	O	-	0	2113	2191	2277	2296
9	für	O	O	-	0	1611	1643	2297	2319
10	Kaderausbildung	O	O	-	0	1656	1834	2297	2321
11	beim	O	O	-	0	1848	1896	2299	2319
12	Außenhandelskommiſſariat	O	O	-	0	1910	2191	2300	2323
13	.	O	O	-	0	1910	2191	2300	2323
0		O	O	-	0	1564	1661	2321	2344
1	Kraewſki	O	O	-	0	1564	1661	2321	2344
2	,	O	O	-	0	1564	1661	2321	2344
3	R.	B-PER	O	-	0	1675	1698	2322	2341
4	Jsraelsſohn	I-PER	O	-	0	1712	1836	2323	2346
5	—	O	O	-	0	1850	1874	2334	2336
6	Vorſitzender	O	O	-	0	1887	2008	2324	2347
7	des	O	O	-	0	2022	2053	2325	2344
8	Union⸗Holzexports	B-ORG	O	-	0	2068	2192	2326	2348
9	.	O	O	-	0	1613	1692	2347	2369
0		O	O	-	0	1563	1633	2370	2393
1	Lewin	B-PER	O	-	0	1563	1633	2370	2393
2	,	O	O	-	0	1563	1633	2370	2393
3	M.	O	O	-	0	1650	1679	2371	2390
4	J.	O	O	-	0	1695	1717	2372	2394
5	—	O	O	-	0	1732	1756	2382	2384
6	Leiter	O	O	-	0	1772	1832	2372	2391
7	des	O	O	-	0	1848	1880	2373	2391
8	Sektors	O	O	-	0	1897	1976	2373	2392
9	für	O	O	-	0	1993	2024	2374	2396
10	Handelsvertretungen	O	O	-	0	2040	2191	2374	2396
11	beim	O	O	-	0	1693	1741	2396	2415
12	Außenhandelskommiſſariats	O	O	-	0	1755	2049	2397	2419
13	.	O	O	-	0	1755	2049	2397	2419
0		O	O	-	0	1562	1631	2418	2441
1	Lewin	B-PER	O	-	0	1562	1631	2418	2441
2	,	O	O	-	0	1562	1631	2418	2441
3	Alexander	B-PER	O	-	0	1649	1752	2420	2442
4	Moſesſohn	I-PER	O	-	0	1768	1878	2421	2444
5	—	O	O	-	0	1894	1918	2433	2435
6	Leiter	O	O	-	0	1934	1994	2422	2442
7	der	O	O	-	0	2011	2042	2423	2442
8	Holzbörſe	O	O	-	0	2058	2154	2423	2445
9	in	O	O	-	0	2172	2191	2424	2443
10	Archangelſk	B-LOC	O	-	0	1611	1733	2445	2467
11	.	O	O	-	0	1611	1733	2445	2467
0		O	O	-	0	1562	1649	2467	2491
1	Meſſing	O	O	-	0	1562	1649	2467	2491
2	,	O	O	-	0	1562	1649	2467	2491
3	S.	B-PER	O	-	0	1665	1689	2469	2488
4	Adamsſohn	I-PER	O	-	0	1706	1822	2469	2492
5	—	O	O	-	0	1837	1861	2481	2483
6	Leiter	O	O	-	0	1876	1936	2471	2490
7	des	O	O	-	0	1952	1984	2471	2490
8	Union⸗Handels	O	O	-	0	2001	2155	2472	2494
9	in	O	O	-	0	2171	2192	2472	2492
10	der	O	O	-	0	1609	1640	2493	2512
11	Mongolei	B-LOC	O	-	0	1655	1753	2493	2516
12	und	O	O	-	0	1768	1806	2495	2513
13	Tuwiniſchen	B-LOC	O	-	0	1821	1948	2495	2518
14	Sowjet⸗Republik	I-LOC	O	-	0	1964	2142	2496	2518
15	.	O	O	-	0	1964	2142	2496	2518
0		O	O	-	0	1562	1746	2517	2541
1	Nepomnjaſchtſchij	O	O	-	0	1562	1746	2517	2541
2	,	O	O	-	0	1562	1746	2517	2541
3	Lazarus	B-PER	O	-	0	1770	1854	2519	2541
4	L.	O	O	-	0	1878	1898	2520	2538
5	—	O	O	-	0	1922	1946	2531	2532
6	Handelsvertreter	O	O	-	0	1970	2142	2521	2542
7	der	O	O	-	0	2161	2191	2522	2541
8	UdSSR.	B-LOC	O	-	0	1610	1702	2542	2562
9	in	O	O	-	0	1716	1736	2543	2562
10	Schweden	B-LOC	O	-	0	1749	1853	2543	2565
11	.	O	O	-	0	1749	1853	2543	2565
0		O	O	-	0	1560	1657	2566	2589
1	Pewsner	B-PER	O	-	0	1560	1657	2566	2589
2	,	O	O	-	0	1560	1657	2566	2589
3	Joſef	O	O	-	0	1674	1728	2567	2590
4	M.	O	O	-	0	1746	1775	2568	2587
5	—	O	O	-	0	1798	1822	2579	2580
6	Vorſitzender	O	O	-	0	1845	1966	2568	2591
7	des	O	O	-	0	1984	2016	2569	2589
8	Union⸗	O	O	-	0	2035	2189	2570	2592
9	Naphtaexports	O	O	-	0	2035	2189	2570	2592
10	.	O	O	-	0	1610	1689	2592	2613
0		O	O	-	0	1562	1666	2615	2638
1	Pickmann	B-PER	O	-	0	1562	1666	2615	2638
2	,	O	O	-	0	1562	1666	2615	2638
3	Jakob	B-PER	O	-	0	1685	1745	2616	2639
4	Abrahamsſohn	I-PER	O	-	0	1766	1916	2617	2640
5	—	O	O	-	0	1935	1959	2628	2630
6	Handelsvertreter	O	O	-	0	1977	2150	2618	2640
7	in	O	O	-	0	2170	2189	2619	2638
8	Litauen	B-LOC	O	-	0	1609	1694	2640	2659
9	.	O	O	-	0	1609	1694	2640	2659
0		O	O	-	0	1560	1699	2664	2688
1	Rabinowitſch	B-PER	O	-	0	1560	1699	2664	2688
2	,	O	O	-	0	1560	1699	2664	2688
3	P.	O	O	-	0	1715	1738	2665	2688
4	J.	O	O	-	0	1755	1776	2666	2688
5	—	O	O	-	0	1791	1815	2676	2678
6	Leiter	O	O	-	0	1830	1890	2666	2685
7	der	O	O	-	0	1906	1937	2667	2685
8	Exportverwaltung	O	O	-	0	1954	2141	2667	2690
9	des	O	O	-	0	2157	2188	2668	2687
10	Außenhandelskommiſſariats	O	O	-	0	1608	1902	2689	2712
11	.	O	O	-	0	1608	1902	2689	2712
0		O	O	-	0	1559	1631	2713	2736
1	Roſow	B-PER	O	-	0	1559	1631	2713	2736
2	,	O	O	-	0	1559	1631	2713	2736
3	David	B-PER	O	-	0	1647	1708	2714	2733
4	Aronsſohn	I-PER	O	-	0	1725	1833	2715	2737
5	—	I-PER	O	-	0	1848	1872	2726	2728
6	Dienſtrang	O	O	-	0	1888	1988	2715	2738
7	nicht	O	O	-	0	1990	2062	2716	2738
8	angegeben	O	O	-	0	2078	2188	2717	2739
9	.	O	O	-	0	2078	2188	2717	2739
0		O	O	-	0	1562	1624	2738	2760
1	Tajitz	B-PER	O	-	0	1562	1624	2738	2760
2	,	O	O	-	0	1562	1624	2738	2760
3	M.	B-PER	O	-	0	1641	1670	2739	2757
4	J.	O	O	-	0	1687	1709	2739	2761
5	—	O	O	-	0	1726	1750	2750	2751
6	Leiter	O	O	-	0	1766	1826	2739	2758
7	des	O	O	-	0	1844	1864	2740	2758
8	planwirtſchaftlichen	O	O	-	0	1866	2091	2740	2763
9	Sektors	O	O	-	0	2109	2188	2742	2760
10	des	O	O	-	0	1607	1638	2763	2782
11	Außenhandelskommiſſariats	O	O	-	0	1651	1945	2763	2786
12	.	O	O	-	0	1651	1945	2763	2786
0		O	O	-	0	1596	1662	2792	2812
1	Somit	O	O	-	0	1596	1662	2792	2812
2	liegt	O	O	-	0	1674	1719	2793	2815
3	auch	O	O	-	0	1732	1773	2793	2816
4	das	O	O	-	0	1787	1820	2793	2812
5	Schickſal	O	O	-	0	1834	1919	2793	2816
6	von	O	O	-	0	1932	1968	2796	2813
7	über	O	O	-	0	1980	2025	2794	2814
8	160	O	O	-	0	2038	2072	2794	2814
9	Millionen	O	O	-	0	2086	2188	2795	2815
10	Ruſſen	O	O	-	0	1559	1628	2821	2844
11	und	O	O	-	0	1647	1684	2822	2841
12	anderer	O	O	-	0	1705	1781	2823	2842
13	Völker	O	O	-	0	1800	1865	2823	2842
14	der	O	O	-	0	1884	1915	2823	2843
15	Sowjetunion	B-LOC	O	-	0	1935	2074	2823	2846
16	,	O	O	-	0	1935	2074	2823	2846
17	auch	O	O	-	0	2094	2135	2825	2847
18	auf	O	O	-	0	2155	2188	2825	2845
19	dem	O	O	-	0	1559	1599	2852	2871
20	Gebiet	O	O	-	0	1622	1687	2852	2871
21	des	O	O	-	0	1710	1741	2852	2871
22	Außenhandels	O	O	-	0	1764	1915	2852	2875
23	,	O	O	-	0	1764	1915	2852	2875
24	in	O	O	-	0	1938	1958	2853	2873
25	faſt	O	O	-	0	1980	2014	2853	2876
26	rein	O	O	-	0	2036	2077	2854	2874
27	jüdiſchen	O	O	-	0	2099	2188	2854	2877
28	Händen	O	O	-	0	1561	1644	2880	2904
29	.	O	O	-	0	1561	1644	2880	2904
0		O	O	-	0	1676	1707	2882	2901
1	Daß	O	O	-	0	1676	1707	2882	2901
2	die	O	O	-	0	1708	1757	2882	2904
3	bolſchewiſtiſchen	O	O	-	0	1759	1947	2882	2905
4	Botſchafter	O	O	-	0	1967	2077	2883	2906
5	ebenfalls	O	O	-	0	2097	2186	2883	2913
6	zum	O	O	-	0	1560	1602	2917	2934
7	großen	O	O	-	0	1618	1687	2912	2934
8	Teil	O	O	-	0	1703	1745	2911	2931
9	Juden	O	O	-	0	1760	1810	2912	2934
10	ſind	O	O	-	0	1813	1877	2912	2935
11	,	O	O	-	0	1813	1877	2912	2935
12	iſt	O	O	-	0	1880	1921	2912	2935
13	ſelbſtverſtändlich	O	O	-	0	1936	2109	2913	2936
14	.	O	O	-	0	1936	2109	2913	2936
0		O	O	-	0	1596	1653	2941	2964
1	„	O	O	-	0	1596	1653	2941	2964
2	Doch	O	O	-	0	1596	1653	2941	2964
3	mußte	O	O	-	0	1666	1729	2942	2964
4	man	O	O	-	0	1741	1772	2947	2961
5	hier	O	O	-	0	1773	1837	2942	2964
6	und	O	O	-	0	1849	1886	2943	2961
7	da	O	O	-	0	1900	1923	2943	2961
8	noch	O	O	-	0	1935	1977	2943	2965
9	auf	O	O	-	0	1989	2022	2943	2968
10	Empfindungen	O	O	-	0	2035	2187	2943	2966
11	der	O	O	-	0	1557	1589	2966	2986
12	Völker	O	O	-	0	1605	1670	2966	2986
13	Rückſicht	O	O	-	0	1686	1771	2967	2989
14	nehmen	O	O	-	0	1786	1873	2967	2989
15	;	O	O	-	0	1786	1873	2967	2989
16	auch	O	O	-	0	1890	1932	2968	2989
17	waren	O	O	-	0	1947	1996	2969	2987
18	die	O	O	-	0	1998	2044	2967	2988
19	vielleicht	O	O	-	0	2046	2156	2969	2990
20	in	O	O	-	0	2172	2191	2969	2988
21	Ausſicht	O	O	-	0	1559	1640	2990	3012
22	genommenen	O	O	-	0	1654	1787	2996	3013
23	Juden	O	O	-	0	1800	1865	2991	3013
24	derart	O	O	-	0	1879	1947	2991	3013
25	,	O	O	-	0	1879	1947	2991	3013
26	daß	O	O	-	0	1962	1996	2992	3013
27	man	O	O	-	0	2010	2055	2997	3011
28	ſie	O	O	-	0	2070	2091	2992	3014
29	zwar	O	O	-	0	2106	2154	2996	3014
30	in	O	O	-	0	2168	2188	2992	3012
31	Rußland	B-LOC	O	-	0	1560	1648	3015	3037
32	gebrauchen	O	O	-	0	1668	1783	3015	3037
33	,	O	O	-	0	1668	1783	3015	3037
34	aber	O	O	-	0	1801	1844	3015	3034
35	ſelten	O	O	-	0	1862	1917	3016	3037
36	im	O	O	-	0	1935	1962	3016	3035
37	Auslande	O	O	-	0	1980	2077	3016	3035
38	vorzeigen	O	O	-	0	2094	2197	3017	3039
39	konnte	O	O	-	0	1558	1629	3039	3060
40	,	O	O	-	0	1558	1629	3039	3060
41	ohne	O	O	-	0	1647	1693	3039	3061
42	nicht	O	O	-	0	1710	1756	3039	3062
43	ſofort	O	O	-	0	1774	1831	3040	3062
44	eine	O	O	-	0	1849	1888	3040	3059
45	antijüdiſche	O	O	-	0	1907	2023	3040	3063
46	Bewegung	O	O	-	0	2041	2148	3041	3063
47	zu	O	O	-	0	2167	2188	3047	3063
48	entfachen	O	O	-	0	1560	1658	3064	3086
49	.	O	O	-	0	1560	1658	3064	3086
0		O	O	-	0	1740	1864	3098	3122
1	(	O	O	-	0	1740	1864	3098	3122
2	Fortſetzung	O	O	-	0	1740	1864	3098	3122
3	auf	O	O	-	0	1875	1908	3100	3122
4	Sonderausgabe	O	O	-	0	1919	2079	3100	3123
5	Nr.	O	O	-	0	2090	2124	3101	3121
6	17	O	O	-	0	2136	2166	3101	3123
7	)	O	O	-	0	2136	2166	3101	3123