No.	TOKEN	NE-TAG	NE-EMB	ID	url_id	left	right	top	bottom	conf
# http://content.staatsbibliothek-berlin.de/zefys/SNP27646518-18881028-0-15-0-0/left,top,width,height/full/0/default.jpg
0	Teleybnen	O	O	-	0	1661	1753	500	517	-
0	Amt	O	O	-	0	1621	1665	521	536	-
0	N	O	O	-	0	1672	1700	520	536	-
0	.	O	O	-	0	1672	1700	520	536	-
0		O	O	-	0	1708	1739	521	535	-
0	Nr	O	O	-	0	1708	1739	521	535	-
0	.	O	O	-	0	1708	1739	521	535	-
0	oion	O	O	-	0	1742	1792	520	535	-
0	.	O	O	-	0	1742	1792	520	535	-
0	nan	O	O	-	0	1255	1560	493	600	-
0	—	O	O	-	0	1255	1560	493	600	-
0	Atktiengeſellſchaft	O	O	-	0	692	1084	606	658	-
0	für	O	O	-	0	1107	1177	606	650	-
0	Metall⸗	O	O	-	0	1201	1609	601	652	-
0	Jnduſtrie	O	O	-	0	1201	1609	601	652	-
0	.	O	O	-	0	1201	1609	601	652	-
0	nan	O	O	-	0	895	1031	654	686	-
0	Abtheilung	O	O	-	0	895	1031	654	686	-
0	JJ	O	O	-	0	1047	1078	649	680	-
0	für	O	O	-	0	1095	1130	649	684	-
0	Jutenſiv⸗	O	O	-	0	1146	1405	650	684	-
0	Gaslampen	O	O	-	0	1146	1405	650	684	-
0	.	O	O	-	0	1146	1405	650	684	-
0	nan	O	O	-	0	570	601	695	715	-
0	Die	O	O	-	0	570	601	695	715	-
0	auf	O	O	-	0	611	641	695	716	-
0	dem	O	O	-	0	658	692	695	714	-
0	Belenchtungsgebiete	O	O	-	0	707	876	692	715	-
0	durch	O	O	-	0	893	938	691	712	-
0	Einfuͤhrung	O	O	-	0	948	1048	690	711	-
0	der	O	O	-	0	1065	1092	689	708	-
0	bisher	O	O	-	0	1102	1154	688	708	-
0	von	O	O	-	0	1170	1201	691	706	-
0	nus	O	O	-	0	1215	1247	689	705	-
0	fabrizirten	O	O	-	0	1262	1351	686	708	-
0	Jntenſtv⸗	O	O	-	0	1363	1555	685	707	-
0	Gas⸗	O	O	-	0	1363	1555	685	707	-
0	Lampen	O	O	-	0	1363	1555	685	707	-
0	geſammelten	O	O	-	0	1569	1674	684	706	-
0	Erfahrungen	O	O	-	0	1690	1801	682	703	-
0	ermibglichen	O	O	-	0	489	587	730	752	-
0	uns	O	O	-	0	601	639	732	751	-
0	,	O	O	-	0	601	639	732	751	-
0	dem	O	O	-	0	655	690	729	747	-
0	Bublitum	O	O	-	0	705	789	728	750	-
0	eine	O	O	-	0	801	834	727	746	-
0	neue	O	O	-	0	850	927	721	752	-
0	vorzugliche	O	O	-	0	950	1082	716	751	-
0	Lampe	O	O	-	0	1105	1227	709	755	-
0	von	O	O	-	0	1247	1293	717	741	-
0	gegen	O	O	-	0	1308	1376	720	747	-
0	die	O	O	-	0	1392	1426	713	741	-
0	frühere	O	O	-	0	1441	1525	712	745	-
0	ganzlich	O	O	-	0	1542	1635	711	745	-
0	abweichender	O	O	-	0	1647	1800	708	742	-
0	Konſtruktion	O	O	-	0	490	644	762	795	-
0	hiermit	O	O	-	0	655	715	767	790	-
0	zu	O	O	-	0	724	743	772	790	-
0	empfehlen	O	O	-	0	754	843	767	788	-
0	.	O	O	-	0	754	843	767	788	-
0	nan	O	O	-	0	863	909	764	786	-
0	Diele	O	O	-	0	863	909	764	786	-
0	neue	O	O	-	0	919	957	768	783	-
0	patentirte	O	O	-	0	967	1053	763	785	-
0	,	O	O	-	0	967	1053	763	785	-
0	unter	O	O	-	0	1065	1109	763	780	-
0	dem	O	O	-	0	1119	1153	762	780	-
0	Namen	O	O	-	0	1163	1223	761	780	-
0	„	O	O	-	0	699	1293	789	852	-
0	UAashogemlient	O	O	-	0	699	1293	789	852	-
0	-	O	O	-	0	699	1293	789	852	-
0	LmCs	O	O	-	0	1302	1603	789	846	-
0	vor	O	O	-	0	490	519	866	882	-
0	Kurzem	O	O	-	0	528	593	862	883	-
0	von	O	O	-	0	603	634	864	879	-
0	uns	O	O	-	0	645	678	864	880	-
0	an	O	O	-	0	688	710	866	880	-
0	den	O	O	-	0	719	749	864	881	-
0	Markt	O	O	-	0	759	812	861	881	-
0	gebrachte	O	O	-	0	822	899	860	882	-
0	Jntenſiv⸗	O	O	-	0	908	1075	857	879	-
0	Gaslampe	O	O	-	0	908	1075	857	879	-
0	bieket	O	O	-	0	1085	1131	857	875	-
0	das	O	O	-	0	1141	1171	856	874	-
0	nach	O	O	-	0	1181	1218	855	876	-
0	dem	O	O	-	0	1227	1261	855	873	-
0	hentigen	O	O	-	0	1271	1342	855	875	-
0	Stande	O	O	-	0	1352	1416	854	872	-
0	der	O	O	-	0	1426	1453	853	872	-
0	Fabrilation	O	O	-	0	1463	1563	852	874	-
0	zu	O	O	-	0	1573	1592	855	873	-
0	leillende	O	O	-	0	1601	1671	850	871	-
0	Beſte	O	O	-	0	1681	1732	847	868	-
0	.	O	O	-	0	1681	1732	847	868	-
0	nan	O	O	-	0	574	613	882	900	-
0	Das	O	O	-	0	574	613	882	900	-
0	Gas	O	O	-	0	623	662	881	900	-
0	wird	O	O	-	0	672	711	883	900	-
0	dor	O	O	-	0	721	750	886	900	-
0	dem	O	O	-	0	759	793	883	900	-
0	Eintritt	O	O	-	0	803	868	881	900	-
0	in	O	O	-	0	879	896	881	898	-
0	den	O	O	-	0	906	935	881	898	-
0	Brenner	O	O	-	0	946	1016	879	898	-
0	durch	O	O	-	0	1031	1076	878	899	-
0	eine	O	O	-	0	1087	1119	878	895	-
0	in	O	O	-	0	1130	1147	877	895	-
0	der	O	O	-	0	1158	1183	877	895	-
0	Lampe	O	O	-	0	1193	1249	877	897	-
0	befindliche	O	O	-	0	1260	1346	875	895	-
0	Vorrichtung	O	O	-	0	1356	1458	874	895	-
0	gereluigt	O	O	-	0	1469	1547	873	895	-
0	,	O	O	-	0	1469	1547	873	895	-
0	ſo	O	O	-	0	1562	1579	872	893	-
0	daß	O	O	-	0	1589	1620	872	891	-
0	dieſer	O	O	-	0	1632	1678	870	890	-
0	von	O	O	-	0	1688	1719	873	887	-
0	Gasrid	O	O	-	0	1729	1797	866	886	-
0	ſtuͤnden	O	O	-	0	492	555	904	926	-
0	faſt	O	O	-	0	565	595	903	924	-
0	ganz	O	O	-	0	605	645	907	924	-
0	frei	O	O	-	0	654	684	903	924	-
0	bleibt	O	O	-	0	694	746	904	922	-
0	.	O	O	-	0	694	746	904	922	-
0	nan	O	O	-	0	767	819	903	923	-
0	Durch	O	O	-	0	767	819	903	923	-
0	die	O	O	-	0	829	853	902	920	-
0	Verbrennung	O	O	-	0	863	975	901	921	-
0	des	O	O	-	0	986	1013	900	918	-
0	gereinigten	O	O	-	0	1023	1115	899	921	-
0	Gaſes	O	O	-	0	1126	1177	898	918	-
0	wird	O	O	-	0	1188	1226	897	915	-
0	ein	O	O	-	0	1237	1261	897	914	-
0	imwoſanter	O	O	-	0	1272	1364	896	917	-
0	Lichteffett	O	O	-	0	1374	1457	894	916	-
0	erzielt	O	O	-	0	1467	1521	894	916	-
0	,	O	O	-	0	1467	1521	894	916	-
0	den	O	O	-	0	1531	1561	894	911	-
0	wir	O	O	-	0	1571	1600	893	911	-
0	ſeiner	O	O	-	0	1610	1658	892	913	-
0	Aehnlichkeit	O	O	-	0	1667	1766	888	910	-
0	mi	O	O	-	0	1776	1798	887	905	-
0	elektriſchem	O	O	-	0	493	588	931	953	-
0	Bogenlicht	O	O	-	0	598	688	930	952	-
0	wegen	O	O	-	0	698	750	934	953	-
0	charalteriſtiſch	O	O	-	0	760	879	929	952	-
0	als	O	O	-	0	889	916	929	947	-
0	Gasbogenlicht	O	O	-	0	926	1046	927	949	-
0	bezeichnen	O	O	-	0	1056	1146	926	948	-
0	.	O	O	-	0	1056	1146	926	948	-
0	nan	O	O	-	0	1166	1198	924	943	-
0	Ein	O	O	-	0	1166	1198	924	943	-
0	Nußen	O	O	-	0	1213	1292	917	950	-
0	der	O	O	-	0	1302	1329	923	942	-
0	Lampe	O	O	-	0	1338	1395	922	944	-
0	wird	O	O	-	0	1406	1445	922	940	-
0	durch	O	O	-	0	1456	1500	921	943	-
0	den	O	O	-	0	1511	1539	921	939	-
0	zu	O	O	-	0	1546	1564	924	942	-
0	jedem	O	O	-	0	1571	1618	920	942	-
0	Exemwlar	O	O	-	0	1625	1706	917	939	-
0	gellejerten	O	O	-	0	1713	1799	916	939	-
0	muwerluͤſſig	O	O	-	0	493	583	964	987	-
0	funktlonkrenden	O	O	-	0	592	726	962	983	-
0	Gazdruckregulator	O	O	-	0	733	888	962	983	-
0	nahezu	O	O	-	0	898	955	961	983	-
0	unmäglich	O	O	-	0	966	1086	952	985	-
0	gemacht	O	O	-	0	1097	1167	957	979	-
0	.	O	O	-	0	1097	1167	957	979	-
0	nan	O	O	-	0	575	609	990	1009	-
0	Die	O	O	-	0	575	609	990	1009	-
0	Ausſtattung	O	O	-	0	617	721	989	1009	-
0	iſt	O	O	-	0	731	750	988	1009	-
0	geſchmackoll	O	O	-	0	760	868	987	1009	-
0	ſowohl	O	O	-	0	878	934	986	1006	-
0	in	O	O	-	0	944	962	986	1003	-
0	einfachen	O	O	-	0	973	1049	984	1005	-
0	als	O	O	-	0	1060	1086	984	1001	-
0	reichen	O	O	-	0	1096	1153	983	1004	-
0	Muſtern	O	O	-	0	1162	1242	982	1003	-
0	;	O	O	-	0	1162	1242	982	1003	-
0	die	O	O	-	0	1251	1280	981	1003	-
0	Breiſe	O	O	-	0	1285	1338	980	1002	-
0	ſiud	O	O	-	0	1349	1382	980	1000	-
0	verhaͤlinißmaͤbia	O	O	-	0	1391	1533	979	1000	-
0	niedria	O	O	-	0	1543	1606	978	999	-
0	.	O	O	-	0	1543	1606	978	999	-
0	nan	O	O	-	0	576	612	1011	1030	-
0	Wir	O	O	-	0	576	612	1011	1030	-
0	ſichern	O	O	-	0	623	677	1010	1031	-
0	prompteſte	O	O	-	0	687	782	1008	1031	-
0	Erledigung	O	O	-	0	786	881	1008	1029	-
0	uns	O	O	-	0	892	925	1008	1024	-
0	ertheilter	O	O	-	0	935	1010	1006	1027	-
0	Aufträge	O	O	-	0	1020	1096	1005	1025	-
0	zu	O	O	-	0	1106	1124	1008	1026	-
0	und	O	O	-	0	1135	1167	1004	1021	-
0	ſtehen	O	O	-	0	1177	1226	1003	1024	-
0	mit	O	O	-	0	1237	1264	1002	1020	-
0	Broſpekien	O	O	-	0	1275	1365	1001	1022	-
0	aratis	O	O	-	0	1375	1426	1001	1022	-
0	und	O	O	-	0	1436	1469	1001	1018	-
0	frauto	O	O	-	0	1479	1531	1000	1021	-
0	zu	O	O	-	0	1542	1560	1003	1021	-
0	Dienſten	O	O	-	0	1570	1648	997	1018	-
0	.	O	O	-	0	1570	1648	997	1018	-
0	nan	O	O	-	0	864	979	1028	1100	-
0	M	O	O	-	0	864	979	1028	1100	-
0	.	O	O	-	0	864	979	1028	1100	-
0		O	O	-	0	1008	1393	1023	1098	-
0	Butzlac	B-PER	O	-	0	1008	1393	1023	1098	-
0	K	O	O	-	0	1424	1509	1020	1094	-
0	GCG	O	O	-	0	1538	1733	1019	1102	-
0	.	O	O	-	0	1538	1733	1019	1102	-
0	nan	O	O	-	0	816	1207	1107	1157	-
0	Atktiengeſellſchaft	O	O	-	0	816	1207	1107	1157	-
0	für	O	O	-	0	1242	1313	1106	1153	-
0	Metall⸗	O	O	-	0	1348	1772	1101	1150	-
0	Jnduſtrie	O	O	-	0	1348	1772	1101	1150	-
0	.	O	O	-	0	1348	1772	1101	1150	-
0	nan	O	O	-	0	970	1154	1153	1191	-
0	BLerlimn	B-PER	O	-	0	970	1154	1153	1191	-
0	S	O	O	-	0	1178	1242	1151	1196	-
0	.	O	O	-	0	1178	1242	1151	1196	-
0	,	O	O	-	0	1178	1242	1151	1196	-
0	Nitterſtraße	B-LOC	O	-	0	1265	1546	1149	1196	-
0	12	O	O	-	0	1570	1639	1148	1188	-
0	.	O	O	-	0	1570	1639	1148	1188	-
0	näbel	O	O	-	0	66	194	1272	1314	-
0	ausstattungs	O	O	-	0	198	717	1266	1315	-
0	-	O	O	-	0	198	717	1266	1315	-
0	Haga	O	O	-	0	198	717	1266	1315	-
0	Lin	O	O	-	0	198	717	1266	1315	-
0	,	O	O	-	0	198	717	1266	1315	-
0	Assooiatizon	O	O	-	0	118	326	1319	1347	-
0	Borlinor	B-PER	O	-	0	342	496	1317	1344	-
0	Tisohnler	I-PER	O	-	0	511	667	1314	1343	-
0	.	O	O	-	0	511	667	1314	1343	-
0	friedrichstrasse	O	O	-	0	82	285	1350	1380	-
0	l6	O	O	-	0	300	346	1349	1380	-
0	,	O	O	-	0	300	346	1349	1380	-
0	l	O	O	-	0	362	384	1348	1380	-
0	.	O	O	-	0	362	384	1348	1380	-
0		O	O	-	0	408	467	1347	1376	-
0	Ecke	O	O	-	0	408	467	1347	1376	-
0	Schitbauercamm	O	O	-	0	482	703	1344	1374	-
0	.	O	O	-	0	482	703	1344	1374	-
0	uert	O	O	-	0	75	115	1391	1407	-
0	Wohnungs⸗	O	O	-	0	142	535	1380	1413	-
0	Einrichtuungen	O	O	-	0	142	535	1380	1413	-
0	bis	O	O	-	0	565	619	1386	1402	-
0	ioo	O	O	-	0	627	660	1386	1401	-
0	Mart	O	O	-	0	667	708	1384	1401	-
0	bis	O	O	-	0	182	204	1413	1429	-
0	lcuo	O	O	-	0	212	245	1414	1429	-
0	bis	O	O	-	0	252	273	1413	1429	-
0	2ισ	O	O	-	0	278	314	1413	1428	-
0	u	O	O	-	0	321	336	1416	1428	-
0	.	O	O	-	0	321	336	1416	1428	-
0	l	O	O	-	0	344	353	1412	1429	-
0	.	O	O	-	0	344	353	1412	1429	-
0	w	O	O	-	0	361	377	1414	1428	-
0	.	O	O	-	0	361	377	1414	1428	-
0	zu	O	O	-	0	385	402	1415	1429	-
0	auifallend	O	O	-	0	410	480	1411	1426	-
0	billigen	O	O	-	0	488	540	1409	1427	-
0	Breilen	O	O	-	0	548	602	1409	1426	-
0	.	O	O	-	0	548	602	1409	1426	-
0	nan	O	O	-	0	388	395	1433	1447	-
0	1	O	O	-	0	388	395	1433	1447	-
0	Calon	O	O	-	0	421	472	1432	1447	-
0	in	O	O	-	0	479	497	1431	1446	-
0	ichwarz	O	O	-	0	505	565	1431	1447	-
0	oder	O	O	-	0	574	609	1431	1445	-
0	Kunbaum	O	O	-	0	618	707	1430	1446	-
0	.	O	O	-	0	618	707	1430	1446	-
0	nan	O	O	-	0	149	200	1444	1461	-
0	Buteg	O	O	-	0	149	200	1444	1461	-
0	Zimmer	O	O	-	0	207	279	1444	1461	-
0	.	O	O	-	0	207	279	1444	1461	-
0	nan	O	O	-	0	389	413	1447	1464	-
0	11	O	O	-	0	389	413	1447	1464	-
0	Vlüſchgarnitur	O	O	-	0	422	534	1447	1464	-
0	:	O	O	-	0	422	534	1447	1464	-
0	1	O	O	-	0	552	562	1447	1461	-
0	Sepha	O	O	-	0	567	618	1446	1462	-
0	.	O	O	-	0	567	618	1446	1462	-
0	?	O	O	-	0	627	635	1447	1461	-
0	nan	O	O	-	0	627	635	1447	1461	-
0	2	O	O	-	0	627	635	1447	1461	-
0	Fau⸗	O	O	-	0	643	679	1446	1462	-
0	teuila	O	O	-	0	435	475	1463	1479	-
0	nund	O	O	-	0	483	510	1463	1478	-
0	4	O	O	-	0	517	525	1464	1477	-
0	Temis	O	O	-	0	533	579	1463	1478	-
0	mit	O	O	-	0	593	617	1462	1477	-
0	hochiei⸗	O	O	-	0	629	678	1461	1478	-
0	1	O	O	-	0	61	70	1472	1486	-
0	Vlüſchaarnitur	O	O	-	0	78	184	1470	1487	-
0	(	O	O	-	0	91	102	1487	1502	-
0	Eorha	O	O	-	0	112	163	1486	1502	-
0	.	O	O	-	0	112	163	1486	1502	-
0	nan	O	O	-	0	171	180	1487	1501	-
0	2	O	O	-	0	171	180	1487	1501	-
0	Fautenilg	O	O	-	0	187	263	1485	1502	-
0	.	O	O	-	0	288	313	1495	1499	-
0	.	O	O	-	0	288	313	1495	1499	-
0	.	O	O	-	0	329	333	1495	1499	-
0	1uol	O	O	-	0	351	395	1480	1500	-
0	nem	O	O	-	0	435	464	1483	1495	-
0	Velourrluſch	O	O	-	0	472	563	1479	1495	-
0	und	O	O	-	0	571	598	1478	1494	-
0	ſeinen	O	O	-	0	606	647	1477	1495	-
0	Vo⸗	O	O	-	0	652	678	1478	1494	-
0	1	O	O	-	0	62	71	1504	1518	-
0	nuſb	O	O	-	0	79	119	1502	1518	-
0	.	O	O	-	0	79	119	1502	1518	-
0	matt	O	O	-	0	133	167	1503	1517	-
0	u	O	O	-	0	177	190	1506	1517	-
0	.	O	O	-	0	177	190	1506	1517	-
0	blant	O	O	-	0	193	253	1502	1516	-
0	tico	O	O	-	0	255	296	1500	1516	-
0	mit	O	O	-	0	309	334	1500	1516	-
0	1	O	O	-	0	390	395	1499	1512	-
0	JLamenten	O	O	-	0	425	578	1495	1512	-
0	00	O	O	-	0	694	728	1495	1509	-
0	Milafier	O	O	-	0	92	147	1518	1534	-
0	und	O	O	-	0	155	182	1518	1533	-
0	Muſchela	O	O	-	0	190	255	1517	1533	-
0	miatz	O	O	-	0	257	333	1517	1533	-
0	.	O	O	-	0	257	333	1517	1533	-
0	nan	O	O	-	0	360	383	1517	1530	-
0	0	O	O	-	0	360	383	1517	1530	-
0	1	O	O	-	0	390	395	1511	1532	-
0	1	O	O	-	0	404	414	1513	1527	-
0	Vrunkichrank	O	O	-	0	422	516	1511	1529	-
0	mit	O	O	-	0	528	553	1511	1526	-
0	genochenen	O	O	-	0	563	638	1510	1527	-
0	Fül⸗	O	O	-	0	646	679	1509	1527	-
0	Jnbh	O	O	-	0	62	115	1534	1546	-
0	nn	O	O	-	0	125	155	1534	1546	-
0	n	O	O	-	0	155	178	1534	1546	-
0	blant	O	O	-	0	180	230	1534	1546	-
0	Eztomiich	O	O	-	0	242	334	1532	1546	-
0	,	O	O	-	0	242	334	1532	1546	-
0	831	O	O	-	0	360	396	1531	1546	-
0	Umaen	O	O	-	0	425	537	1529	1546	-
0	.	O	O	-	0	425	537	1529	1546	-
0	nan	O	O	-	0	653	728	1526	1546	-
0	106	O	O	-	0	653	728	1526	1546	-
0	7	O	O	-	0	62	71	1547	1564	-
0	Fh	O	O	-	0	79	120	1547	1564	-
0	Fatt	O	O	-	0	126	161	1547	1564	-
0	J	O	O	-	0	168	183	1547	1564	-
0	.	O	O	-	0	168	183	1547	1564	-
0	biant	O	O	-	0	190	229	1547	1564	-
0	Zrumeaun	O	O	-	0	234	300	1547	1564	-
0	mit	O	O	-	0	309	334	1547	1564	-
0	11	O	O	-	0	390	414	1547	1564	-
0	Eaulentrumenn	O	O	-	0	423	542	1547	1564	-
0	Mit	O	O	-	0	546	574	1547	1564	-
0	KErmauutas	O	O	-	0	587	728	1547	1564	-
0	.	O	O	-	0	587	728	1547	1564	-
0	nan	O	O	-	0	62	133	1565	1583	-
0	Etuſe	O	O	-	0	62	133	1565	1583	-
0	und	O	O	-	0	139	169	1566	1583	-
0	Vlatte	O	O	-	0	174	292	1565	1583	-
0	ml	O	O	-	0	308	431	1565	1583	-
0	ue	O	O	-	0	432	545	1565	1583	-
0	22	O	O	-	0	655	728	1565	1583	-
0	1	O	O	-	0	61	72	1584	1599	-
0	Robrlebnltudle	O	O	-	0	79	185	1584	1599	-
0	mit	O	O	-	0	193	218	1584	1596	-
0	aunas	O	O	-	0	225	294	1584	1597	-
0	1	O	O	-	0	309	415	1584	1608	-
0	Jrc	O	O	-	0	423	561	1584	1608	-
0	it	O	O	-	0	560	585	1584	1605	-
0	Atnre	O	O	-	0	596	640	1584	1607	-
0	uͤnsn	O	O	-	0	653	725	1584	1606	-
0	ſ	O	O	-	0	390	397	1608	1634	-
0	Kaiten	O	O	-	0	436	487	1608	1624	-
0	.	O	O	-	0	436	487	1608	1624	-
0	nan	O	O	-	0	495	661	1606	1623	-
0	Muſchelauriass	O	O	-	0	495	661	1606	1623	-
0	.	O	O	-	0	495	661	1606	1623	-
0	nan	O	O	-	0	676	729	1606	1622	-
0	46	O	O	-	0	676	729	1606	1622	-
0	Wohnzimmer	O	O	-	0	158	274	1618	1635	-
0	.	O	O	-	0	158	274	1618	1635	-
0	nan	O	O	-	0	697	729	1628	1641	-
0	760	O	O	-	0	697	729	1628	1641	-
0	—	O	O	-	0	697	729	1628	1641	-
0	1	O	O	-	0	63	73	1645	1661	-
0	Tivan	O	O	-	0	80	125	1644	1661	-
0	mit	O	O	-	0	132	160	1644	1661	-
0	Auẽzug	O	O	-	0	167	223	1643	1660	-
0	und	O	O	-	0	234	262	1643	1658	-
0	Fantaſie⸗	O	O	-	0	269	335	1642	1660	-
0	1	O	O	-	0	361	397	1634	1675	-
0	—	O	O	-	0	457	496	1644	1675	-
0	—	O	O	-	0	497	590	1644	1676	-
0	—	O	O	-	0	497	590	1644	1676	-
0	—	O	O	-	0	588	676	1643	1676	-
0	ſtoff	O	O	-	0	94	121	1661	1676	-
0	bezogenn	O	O	-	0	129	335	1660	1676	-
0	.	O	O	-	0	129	335	1660	1676	-
0	.	O	O	-	0	129	335	1660	1676	-
0	nan	O	O	-	0	63	72	1678	1692	-
0	1	O	O	-	0	63	72	1678	1692	-
0	nunb	O	O	-	0	80	120	1676	1692	-
0	.	O	O	-	0	80	120	1676	1692	-
0	nan	O	O	-	0	128	172	1675	1692	-
0	Zthür	O	O	-	0	128	172	1675	1692	-
0	.	O	O	-	0	128	172	1675	1692	-
0	nan	O	O	-	0	180	334	1674	1692	-
0	Kleiderſyinde	O	O	-	0	180	334	1674	1692	-
0	10	O	O	-	0	362	384	1675	1692	-
0	11	O	O	-	0	391	415	1675	1692	-
0	eegantes	O	O	-	0	423	487	1676	1692	-
0	groſea	O	O	-	0	495	541	1675	1692	-
0	Müffet	O	O	-	0	548	632	1675	1692	-
0	.	O	O	-	0	548	632	1675	1692	-
0	u0	O	O	-	0	647	682	1676	1689	-
0	4	O	O	-	0	63	74	1695	1711	-
0	Robrſtüblen	O	O	-	0	81	336	1693	1711	-
0	.	O	O	-	0	81	336	1693	1711	-
0	eee	O	O	-	0	81	336	1693	1711	-
0	el1	O	O	-	0	362	415	1693	1711	-
0	Xauelſorba	O	O	-	0	423	504	1693	1711	-
0	mit	O	O	-	0	505	539	1693	1711	-
0	SEvieqel	O	O	-	0	543	632	1693	1711	-
0	.	O	O	-	0	543	632	1693	1711	-
0	nan	O	O	-	0	647	682	1693	1711	-
0	0	O	O	-	0	647	682	1693	1711	-
0	1	O	O	-	0	64	73	1712	1724	-
0	Audgiehtnuchheeees	O	O	-	0	82	336	1712	1726	-
0	uellL	O	O	-	0	364	415	1712	1726	-
0	Eretteticut	O	O	-	0	424	526	1712	1726	-
0	in	O	O	-	0	535	553	1712	1726	-
0	Eenct	O	O	-	0	555	633	1712	1726	-
0	,	O	O	-	0	555	633	1712	1726	-
0	.	O	O	-	0	555	633	1712	1726	-
0	nan	O	O	-	0	659	682	1712	1722	-
0	7	O	O	-	0	659	682	1712	1722	-
0	1	O	O	-	0	65	75	1727	1740	-
0	Eviegel	O	O	-	0	82	135	1727	1741	-
0	mit	O	O	-	0	142	167	1727	1740	-
0	Aunaseeeee	O	O	-	0	174	336	1727	1741	-
0	10	O	O	-	0	364	385	1727	1737	-
0	i	O	O	-	0	392	397	1727	1756	-
0	'	O	O	-	0	392	397	1727	1756	-
0	1	O	O	-	0	406	415	1727	1740	-
0	E	O	O	-	0	424	486	1727	1756	-
0	Euc	O	O	-	0	487	522	1727	1754	-
0	mit	O	O	-	0	528	560	1727	1755	-
0	6	O	O	-	0	568	598	1727	1755	-
0	28	O	O	-	0	659	683	1739	1753	-
0	16	O	O	-	0	392	417	1755	1775	-
0	Kohrlehuftühlt	O	O	-	0	424	613	1755	1772	-
0	.	O	O	-	0	424	613	1755	1772	-
0	nan	O	O	-	0	628	683	1755	1770	-
0	26	O	O	-	0	628	683	1755	1770	-
0	0	O	O	-	0	697	732	1755	1770	-
0	Echtatzimmer	O	O	-	0	159	277	1755	1772	-
0	.	O	O	-	0	159	277	1755	1772	-
0	nan	O	O	-	0	510	628	1776	1792	-
0	Echlakeimmer	O	O	-	0	510	628	1776	1792	-
0	.	O	O	-	0	510	628	1776	1792	-
0	nan	O	O	-	0	66	78	1782	1797	-
0	2	O	O	-	0	66	78	1782	1797	-
0	Benellen	O	O	-	0	84	155	1781	1801	-
0	mit	O	O	-	0	159	184	1781	1797	-
0	Federboden	O	O	-	0	189	266	1780	1798	-
0	und	O	O	-	0	272	299	1779	1795	-
0	ſleills	O	O	-	0	301	337	1779	1795	-
0	e	O	O	-	0	514	634	1792	1801	-
0	1	O	O	-	0	64	74	1812	1827	-
0	mctoitene	O	O	-	0	81	237	1802	1829	-
0	m	O	O	-	0	238	257	1807	1828	-
0	.	O	O	-	0	238	257	1807	1828	-
0		O	O	-	0	268	338	1806	1828	-
0	Mamer	O	O	-	0	268	338	1806	1828	-
0	.	O	O	-	0	268	338	1806	1828	-
0	nan	O	O	-	0	364	418	1802	1827	-
0	—	O	O	-	0	364	418	1802	1827	-
0	15	O	O	-	0	364	418	1802	1827	-
0	Vanſiau	O	O	-	0	437	562	1802	1825	-
0	Feder	O	O	-	0	561	634	1802	1825	-
0	auhaanga	O	O	-	0	94	256	1828	1842	-
0	.	O	O	-	0	94	256	1828	1842	-
0	nan	O	O	-	0	270	399	1826	1842	-
0	21	O	O	-	0	270	399	1826	1842	-
0	Woͤden	O	O	-	0	410	478	1825	1842	-
0	und	O	O	-	0	485	515	1824	1842	-
0	Keiltihen	O	O	-	0	522	633	1824	1842	-
0	.	O	O	-	0	522	633	1824	1842	-
0	nan	O	O	-	0	649	682	1825	1839	-
0	00	O	O	-	0	649	682	1825	1839	-
0	1	O	O	-	0	62	75	1844	1865	-
0	Sriegel	O	O	-	0	81	138	1844	1865	-
0	mit	O	O	-	0	138	167	1844	1865	-
0	uflaansn	O	O	-	0	174	274	1844	1859	-
0	.	O	O	-	0	174	274	1844	1859	-
0	ee	O	O	-	0	288	335	1850	1858	-
0	1211	O	O	-	0	364	416	1844	1865	-
0	Eg	O	O	-	0	425	471	1844	1865	-
0	Atereemu	O	O	-	0	471	555	1844	1865	-
0	ucarmoti	O	O	-	0	566	681	1844	1865	-
0	Nvenuα̃	O	O	-	0	63	216	1866	1875	-
0	11	O	O	-	0	331	398	1866	1886	-
0	Naqiiviuden	O	O	-	0	406	531	1866	1886	-
0	mit	O	O	-	0	537	561	1866	1884	-
0	Marmmocr	O	O	-	0	566	682	1866	1886	-
0	platte	O	O	-	0	392	478	1886	1902	-
0	und	O	O	-	0	485	513	1886	1901	-
0	Muſchelauffatß	O	O	-	0	520	634	1885	1903	-
0	.	O	O	-	0	520	634	1885	1903	-
0	nan	O	O	-	0	659	682	1886	1901	-
0	46	O	O	-	0	659	682	1886	1901	-
0	Küche	O	O	-	0	190	244	1889	1906	-
0	.	O	O	-	0	190	244	1889	1906	-
0	.	O	O	-	0	255	278	1914	1918	-
0	.	O	O	-	0	292	298	1914	1918	-
0	—	O	O	-	0	313	318	1914	1918	-
0	1I	O	O	-	0	334	398	1902	1918	-
0	Küubebett	O	O	-	0	408	488	1901	1918	-
0	mit	O	O	-	0	496	520	1901	1917	-
0	DTecken	O	O	-	0	529	635	1901	1917	-
0	.	O	O	-	0	529	635	1901	1917	-
0	nan	O	O	-	0	659	682	1903	1916	-
0	186	O	O	-	0	659	682	1903	1916	-
0	mmm	O	O	-	0	69	71	1917	1918	-
0	mmm	O	O	-	0	108	114	1915	1918	-
0	1	O	O	-	0	132	137	1915	1918	-
0	1	O	O	-	0	140	146	1915	1918	-
0	um	O	O	-	0	174	180	1915	1918	-
0	1	O	O	-	0	64	73	1919	1937	-
0	Ucem	O	O	-	0	81	339	1919	1937	-
0	Manteeeeedeee	O	O	-	0	81	339	1919	1937	-
0	12	O	O	-	0	364	418	1919	1937	-
0	Stüblee	O	O	-	0	425	512	1919	1937	-
0	.	O	O	-	0	528	606	1928	1937	-
0	.	O	O	-	0	528	606	1928	1937	-
0	nan	O	O	-	0	607	684	1919	1937	-
0	10	O	O	-	0	607	684	1919	1937	-
0	—	O	O	-	0	702	729	1934	1937	-
0	1	O	O	-	0	64	103	1938	1963	-
0	.	O	O	-	0	173	179	1956	1963	-
0	ſ	O	O	-	0	193	200	1939	1963	-
0	—	O	O	-	0	213	220	1939	1963	-
0	ß	O	O	-	0	233	240	1939	1962	-
0	ſ	O	O	-	0	273	279	1939	1961	-
0	8	O	O	-	0	312	320	1938	1961	-
0	3	O	O	-	0	332	340	1938	1961	-
0	81	O	O	-	0	374	399	1938	1962	-
0	1	O	O	-	0	408	417	1938	1949	-
0	Aunneidelchram	O	O	-	0	426	533	1938	1950	-
0	mit	O	O	-	0	544	568	1938	1949	-
0	Sviegen	O	O	-	0	579	634	1938	1951	-
0	nüucke	O	O	-	0	544	598	1954	1969	-
0	.	O	O	-	0	544	598	1954	1969	-
0	nan	O	O	-	0	65	75	1965	1980	-
0	1	O	O	-	0	65	75	1965	1980	-
0	Küchenſtuhhl	O	O	-	0	82	338	1963	1980	-
0	81	O	O	-	0	375	399	1961	1978	-
0	—	O	O	-	0	329	386	1977	1982	-
0	1	O	O	-	0	393	417	1972	1986	-
0	aroßes	O	O	-	0	434	480	1971	1987	-
0	Küchenipinde	O	O	-	0	497	591	1969	1986	-
0	mit	O	O	-	0	610	634	1969	1985	-
0	2001	O	O	-	0	353	400	1979	2002	-
0	Echieber	O	O	-	0	435	576	1986	2002	-
0	10	O	O	-	0	590	684	1986	2002	-
0	gur	O	O	-	0	80	112	2010	2026	-
0	Eraànzuna	O	O	-	0	125	219	2009	2025	-
0	werden	O	O	-	0	232	291	2008	2022	-
0	aud	O	O	-	0	307	344	2007	2024	-
0	ein⸗	O	O	-	0	356	440	2002	2034	-
0	l	O	O	-	0	356	440	2002	2034	-
0	]	O	O	-	0	356	440	2002	2034	-
0	ft	O	O	-	0	440	574	2002	2034	-
0	.	O	O	-	0	440	574	2002	2034	-
0	geine	O	O	-	0	65	103	2027	2042	-
0	Etucke	O	O	-	0	110	161	2025	2041	-
0	bittiaſt	O	O	-	0	169	224	2024	2041	-
0	abaeaeben	O	O	-	0	231	318	2024	2040	-
0	.	O	O	-	0	231	318	2024	2040	-
0	nan	O	O	-	0	672	684	2034	2047	-
0	8	O	O	-	0	672	684	2034	2047	-
0	3n	O	O	-	0	65	401	2034	2078	-
0	:	O	O	-	0	409	636	2034	2066	-
0	:	O	O	-	0	409	636	2034	2066	-
0	:	O	O	-	0	409	636	2034	2066	-
0	:	O	O	-	0	409	636	2034	2066	-
0	2000	O	O	-	0	676	733	2072	2084	-
0	Mmumervbücher	O	O	-	0	81	191	2072	2088	-
0	verienden	O	O	-	0	198	278	2072	2088	-
0	dvoſifrei	O	O	-	0	286	352	2071	2088	-
0	.	O	O	-	0	286	352	2071	2088	-
0	iunl	O	O	-	0	119	306	2128	2240	-
0	.	O	O	-	0	119	306	2128	2240	-
0	ſilsveplauf	O	O	-	0	322	754	2125	2240	-
0	Bornstoin	B-PER	O	-	0	214	390	2267	2296	-
0	G	O	O	-	0	406	439	2266	2294	-
0	&	O	O	-	0	406	439	2266	2294	-
0	Eiend	O	O	-	0	454	579	2265	2296	-
0	.	O	O	-	0	454	579	2265	2296	-
0	nan	O	O	-	0	79	153	2299	2327	-
0	Berlin	B-LOC	O	Q64|Q56037|Q169492	0	79	153	2299	2327	0.65,0.17,0.13
0	C	O	O	-	0	168	204	2299	2331	-
0	.	O	O	-	0	168	204	2299	2331	-
0	,	O	O	-	0	168	204	2299	2331	-
0	Köllniſcher	B-LOC	O	-	0	220	349	2298	2331	-
0	Fiſchmartt	I-LOC	O	-	0	363	490	2297	2331	-
0	5	O	O	-	0	506	530	2297	2326	-
0	,	O	O	-	0	506	530	2297	2326	-
0	J	O	O	-	0	545	577	2296	2327	-
0	.	O	O	-	0	545	577	2296	2327	-
0	,	O	O	-	0	545	577	2296	2327	-
0	nn	O	O	-	0	595	723	2296	2328	-
0	er	O	O	-	0	77	103	2339	2358	-
0	vorgerückten	O	O	-	0	128	307	2331	2365	-
0	Saiſon	O	O	-	0	333	432	2330	2361	-
0	wegen	O	O	-	0	456	544	2333	2361	-
0	und	O	O	-	0	571	624	2329	2354	-
0	um	O	O	-	0	651	695	2335	2354	-
0	zu	O	O	-	0	722	754	2333	2360	-
0	äumen	O	O	-	0	65	154	2364	2390	-
0	verkaufen	O	O	-	0	171	311	2362	2392	-
0	wir	O	O	-	0	321	374	2361	2388	-
0	ganze	O	O	-	0	384	466	2368	2394	-
0	Einrichtungen	O	O	-	0	477	685	2360	2392	-
0	und	O	O	-	0	701	754	2360	2385	-
0	uch	O	O	-	0	66	107	2396	2427	-
0	einzelue	O	O	-	0	124	239	2395	2429	-
0	Stücke	O	O	-	0	255	347	2394	2422	-
0	zu	O	O	-	0	363	395	2401	2427	-
0	euorm	O	O	-	0	412	501	2400	2419	-
0	billigen	O	O	-	0	517	624	2392	2425	-
0	Breiien	O	O	-	0	634	754	2390	2423	-
0	.	O	O	-	0	634	754	2390	2423	-
0	chaufenſter	O	O	-	0	72	185	2441	2471	-
0	und	O	O	-	0	201	243	2442	2467	-
0	Ladenthüren	O	O	-	0	259	408	2439	2469	-
0	,	O	O	-	0	259	408	2439	2469	-
0	Doppel⸗	O	O	-	0	424	516	2437	2469	-
0	u	O	O	-	0	531	552	2444	2463	-
0	.	O	O	-	0	531	552	2444	2463	-
0	einfache	O	O	-	0	567	653	2437	2467	-
0	Feuſter	O	O	-	0	668	755	2437	2469	-
0	,	O	O	-	0	668	755	2437	2469	-
0	ute	O	O	-	0	60	82	2473	2487	-
0	gingeitharen	O	O	-	0	85	198	2473	2489	-
0	.	O	O	-	0	85	198	2473	2489	-
0	nan	O	O	-	0	203	257	2473	2489	-
0	Ereni	O	O	-	0	203	257	2473	2489	-
0	:	O	O	-	0	203	257	2473	2489	-
0	n	O	O	-	0	260	277	2475	2487	-
0	.	O	O	-	0	260	277	2475	2487	-
0		O	O	-	0	280	325	2472	2488	-
0	Zechõ	O	O	-	0	280	325	2472	2488	-
0	künunasthüren	O	O	-	0	325	456	2470	2488	-
0	,	O	O	-	0	325	456	2470	2488	-
0	eilerne	O	O	-	0	461	515	2470	2485	-
0	Fenſteraitter	O	O	-	0	518	622	2469	2485	-
0	u	O	O	-	0	626	642	2472	2484	-
0	.	O	O	-	0	626	642	2472	2484	-
0	abrittenſter⸗	O	O	-	0	644	756	2468	2485	-
0	e	O	O	-	0	73	85	2490	2504	-
0	aue	O	O	-	0	92	119	2491	2504	-
0	Baumateriatien	O	O	-	0	124	257	2489	2504	-
0	viuig	O	O	-	0	265	308	2489	2504	-
0	zu	O	O	-	0	316	334	2491	2504	-
0	verkauken	O	O	-	0	340	420	2487	2502	-
0	Keuſtädtiiche	O	O	-	0	427	532	2486	2502	-
0	Kirchſtr	O	O	-	0	537	606	2486	2502	-
0	.	O	O	-	0	537	606	2486	2502	-
0	nan	O	O	-	0	610	628	2487	2500	-
0	V	O	O	-	0	610	628	2487	2500	-
0	.	O	O	-	0	610	628	2487	2500	-
0		O	O	-	0	640	660	2486	2500	-
0	A	O	O	-	0	640	660	2486	2500	-
0	.	O	O	-	0	640	660	2486	2500	-
0		O	O	-	0	666	744	2485	2499	-
0	Walnen	O	O	-	0	666	744	2485	2499	-
0	.	O	O	-	0	666	744	2485	2499	-
0	nan	O	O	-	0	77	712	2514	2533	-
0	—	O	O	-	0	77	712	2514	2533	-
0	—	O	O	-	0	77	752	2506	2533	-
0	—	O	O	-	0	77	752	2506	2533	-
0	—	O	O	-	0	77	752	2506	2533	-
0	—	O	O	-	0	77	752	2506	2533	-
0	—	O	O	-	0	77	752	2506	2533	-
0	—	O	O	-	0	77	752	2506	2533	-
0	—	O	O	-	0	77	752	2506	2533	-
0	—	O	O	-	0	77	752	2506	2533	-
0	—	O	O	-	0	77	752	2506	2533	-
0	—	O	O	-	0	77	752	2506	2533	-
0	Conrad	B-PER	O	Q214306|Q35149|Q82925	0	78	233	2538	2590	0.22,0.17,0.13
0	runck	I-PER	O	Q214306|Q35149|Q82925	0	249	413	2536	2588	0.22,0.17,0.13
0	&	O	O	-	0	430	466	2538	2586	-
0	co	O	O	-	0	481	557	2535	2596	-
0	,	O	O	-	0	481	557	2535	2596	-
0	Berlin	B-LOC	O	Q64|Q56037|Q169492	0	575	724	2534	2596	0.65,0.17,0.13
0	,	O	O	-	0	575	724	2534	2596	-
0	38	O	O	-	0	232	276	2600	2628	-
0	.	O	O	-	0	232	276	2600	2628	-
0		O	O	-	0	292	401	2600	2628	-
0	Kronen	B-LOC	O	-	0	292	401	2600	2628	-
0	Strasso	I-LOC	O	-	0	403	514	2599	2625	-
0	38	O	O	-	0	530	573	2597	2625	-
0	.	O	O	-	0	530	573	2597	2625	-
0		O	O	-	0	74	280	2633	2661	-
0	Etablissoment	O	O	-	0	74	280	2633	2661	-
0	ſur	O	O	-	0	296	341	2633	2659	-
0	wohnungs⸗	O	O	-	0	358	731	2629	2662	-
0	Linrieclitungon	O	O	-	0	358	731	2629	2662	-
0	in	O	O	-	0	85	100	2666	2682	-
0	allen	O	O	-	0	107	144	2666	2682	-
0	Styl	O	O	-	0	151	187	2666	2683	-
0	.	O	O	-	0	151	187	2666	2683	-
0	und	O	O	-	0	195	225	2666	2682	-
0	olrarten	O	O	-	0	233	309	2665	2681	-
0	und	O	O	-	0	317	347	2663	2679	-
0	reichster	O	O	-	0	355	422	2663	2679	-
0	Ausmalil	O	O	-	0	430	496	2663	2678	-
0	uu	O	O	-	0	504	522	2666	2678	-
0	verschiodenten	O	O	-	0	529	650	2661	2677	-
0	Preiden	O	O	-	0	659	719	2661	2676	-
0	.	O	O	-	0	659	719	2661	2676	-
0	parmanents	O	O	-	0	113	247	2683	2706	-
0	Ausstellung	O	O	-	0	260	393	2681	2707	-
0	complater	O	O	-	0	408	519	2679	2707	-
0	fiustsrzimmer	O	O	-	0	533	700	2678	2700	-
0	.	O	O	-	0	533	700	2678	2700	-
0	nan	O	O	-	0	106	286	2710	2740	-
0	Anfertigung	O	O	-	0	106	286	2710	2740	-
0	süimmtlicher	O	O	-	0	301	483	2707	2735	-
0	Decorationon	O	O	-	0	499	701	2705	2733	-
0	.	O	O	-	0	499	701	2705	2733	-
0	na	O	O	-	0	81	211	2742	2773	-
0	32	O	O	-	0	220	257	2746	2756	-
0	⏑	O	O	-	0	257	306	2743	2756	-
0	—	O	O	-	0	313	379	2741	2755	-
0	—	O	O	-	0	381	441	2743	2770	-
0	—	O	O	-	0	450	488	2739	2753	-
0	—	O	O	-	0	495	540	2739	2752	-
0	—	O	O	-	0	540	607	2739	2769	-
0	—	O	O	-	0	616	676	2739	2768	-
0	—	O	O	-	0	677	710	2736	2751	-
0	Brenn	O	O	-	0	71	332	2810	2861	-
0	-	O	O	-	0	340	546	2804	2857	-
0	Haterial	O	O	-	0	340	546	2804	2857	-
0	—	O	O	-	0	79	158	2861	2899	-
0	Tolephon	O	O	-	0	223	359	2870	2904	-
0	No	O	O	-	0	375	423	2869	2896	-
0	.	O	O	-	0	375	423	2869	2896	-
0		O	O	-	0	439	515	2867	2896	-
0	7493	O	O	-	0	439	515	2867	2896	-
0	.	O	O	-	0	439	515	2867	2896	-
0		O	O	-	0	73	168	2905	2937	-
0	Kiefern⸗	O	O	-	0	73	168	2905	2937	-
0	,	O	O	-	0	73	168	2905	2937	-
0	Birlen⸗	O	O	-	0	185	278	2905	2936	-
0	,	O	O	-	0	185	278	2905	2936	-
0	Elſen⸗	O	O	-	0	295	367	2902	2933	-
0	und	O	O	-	0	383	426	2902	2928	-
0	Buchenholz	O	O	-	0	442	578	2898	2932	-
0	,	O	O	-	0	442	578	2898	2932	-
0	ſowie	O	O	-	0	602	662	2898	2930	-
0	engl	O	O	-	0	681	734	2897	2930	-
0	.	O	O	-	0	681	734	2897	2930	-
0		O	O	-	0	73	184	2937	2970	-
0	Auihracit	O	O	-	0	73	184	2937	2970	-
0	,	O	O	-	0	73	184	2937	2970	-
0	Oberſchleſiſche	O	O	-	0	200	360	2935	2969	-
0	Steinlohlen	O	O	-	0	371	509	2932	2965	-
0	,	O	O	-	0	371	509	2932	2965	-
0	Böhmiſche	O	O	-	0	526	642	2930	2962	-
0	Braun⸗	O	O	-	0	650	735	2930	2956	-
0	lohlen	O	O	-	0	74	149	2969	3002	-
0	,	O	O	-	0	74	149	2969	3002	-
0	Seuftenberger	O	O	-	0	165	325	2970	3001	-
0	Briquettes	O	O	-	0	340	466	2966	2997	-
0	,	O	O	-	0	340	466	2966	2997	-
0	Kole	O	O	-	0	482	536	2963	2991	-
0	(	O	O	-	0	553	610	2963	2994	-
0	auch	O	O	-	0	553	610	2963	2994	-
0	in	O	O	-	0	625	649	2962	2989	-
0	einzel⸗	O	O	-	0	664	736	2961	2994	-
0	uen	O	O	-	0	74	108	3008	3028	-
0	Centnern	O	O	-	0	128	232	3002	3029	-
0	teſß	O	O	-	0	257	308	3000	3031	-
0	.	O	O	-	0	257	308	3000	3031	-
0	nan	O	O	-	0	325	461	2998	3031	-
0	Hectolitern	O	O	-	0	325	461	2998	3031	-
0	)	O	O	-	0	325	461	2998	3031	-
0	und	O	O	-	0	485	527	2996	3023	-
0	Kohlenanzuͤnder	O	O	-	0	552	736	2994	3027	-
0	liefern	O	O	-	0	73	138	3033	3066	-
0	reell	O	O	-	0	154	202	3034	3062	-
0	in	O	O	-	0	219	241	3034	3061	-
0	beſter	O	O	-	0	256	318	3033	3066	-
0	Qualität	O	O	-	0	334	436	3029	3058	-
0	Seydelſir	O	O	-	0	87	228	3072	3106	-
0	.	O	O	-	0	87	228	3072	3106	-
0	z2	O	O	-	0	239	290	3071	3098	-
0	.	O	O	-	0	239	290	3071	3098	-
0	nan	O	O	-	0	314	544	3059	3100	-
0	Norddeuisclie	O	O	-	0	314	544	3059	3100	-
0	Eiswerte	O	O	-	0	561	728	3057	3095	-
0	.	O	O	-	0	561	728	3057	3095	-
0	nan	O	O	-	0	818	1232	1276	1372	-
0	Eſcoldi	O	O	-	0	818	1232	1276	1372	-
0	Sunoa	O	O	-	0	1251	1817	1275	1349	-
0	Glus	O	O	-	0	1251	1817	1275	1349	-
0	Olald	O	O	-	0	1251	1817	1275	1349	-
0	Jerusalemerstr	B-LOC	O	-	0	823	1106	1373	1402	-
0	.	O	O	-	0	823	1106	1373	1402	-
0	nan	O	O	-	0	1123	1165	1369	1398	-
0	31	O	O	-	0	1123	1165	1369	1398	-
0	zwichen	O	O	-	0	1181	1339	1369	1396	-
0	Leipaiger	O	O	-	0	1356	1538	1368	1399	-
0	-	O	O	-	0	1356	1538	1368	1399	-
0	u	O	O	-	0	1554	1587	1376	1394	-
0	.	O	O	-	0	1554	1587	1376	1394	-
0		O	O	-	0	1602	1796	1365	1393	-
0	Rronenstr	B-LOC	O	-	0	1602	1796	1365	1393	-
0	.	O	O	-	0	1602	1796	1365	1393	-
0	—	O	O	-	0	853	942	1411	1448	-
0	—	O	O	-	0	942	1113	1408	1446	-
0	—	O	O	-	0	1114	1193	1406	1453	-
0	—	O	O	-	0	1216	1445	1404	1442	-
0	—	O	O	-	0	1216	1445	1404	1442	-
0	—	O	O	-	0	1446	1657	1403	1451	-
0	—	O	O	-	0	1658	1772	1400	1438	-
0	und	O	O	-	0	1071	1180	1456	1494	-
0	niscncescron	O	O	-	0	1202	1551	1453	1493	-
0	zu	O	O	-	0	988	1021	1513	1531	-
0	aufergewähnlich	O	O	-	0	1034	1321	1504	1530	-
0	biltligen	O	O	-	0	1337	1479	1504	1526	-
0	Breiten	O	O	-	0	1491	1630	1502	1525	-
0	.	O	O	-	0	1491	1630	1502	1525	-
0	nan	O	O	-	0	1038	1132	1549	1582	-
0	Feme	O	O	-	0	1038	1132	1549	1582	-
0	:	O	O	-	0	1038	1132	1549	1582	-
0	Ausverkaunf	O	O	-	0	1157	1618	1529	1592	-
0	!	O	O	-	0	1157	1618	1529	1592	-
0	nan	O	O	-	0	1157	1618	1529	1592	-
0	“	O	O	-	0	1157	1618	1529	1592	-
0	Topnioh	O	O	-	0	965	1109	1597	1630	-
0	Ho	O	O	-	0	965	1109	1597	1630	-
0	in	O	O	-	0	1110	1157	1603	1625	-
0	allen	O	O	-	0	1167	1207	1601	1620	-
0	Grötzen	O	O	-	0	1219	1283	1601	1622	-
0	(	O	O	-	0	1294	1387	1600	1622	-
0	vorjährige	O	O	-	0	1294	1387	1600	1622	-
0	Muſter	O	O	-	0	1398	1471	1600	1621	-
0	)	O	O	-	0	1398	1471	1600	1621	-
0	Gardinon	O	O	-	0	968	1144	1636	1666	-
0	,	O	O	-	0	968	1144	1636	1666	-
0	l	O	O	-	0	1159	1187	1644	1662	-
0	Feuſtet	O	O	-	0	1208	1270	1640	1662	-
0	4	O	O	-	0	1282	1320	1627	1664	-
0	aArE	O	O	-	0	1342	1513	1625	1665	-
0	.	O	O	-	0	1342	1513	1625	1665	-
0	die	O	O	-	0	1000	1034	1676	1689	-
0	Ernan	O	O	-	0	1041	1106	1675	1689	-
0	bentent	O	O	-	0	1114	1185	1674	1689	-
0	2	O	O	-	0	1192	1214	1674	1688	-
0	Jumnro	O	O	-	0	1222	1280	1674	1688	-
0	und	O	O	-	0	1287	1328	1673	1687	-
0	buret	O	O	-	0	1336	1391	1673	1688	-
0	rur	O	O	-	0	1399	1433	1673	1686	-
0	atreunnnte	O	O	-	0	1440	1530	1672	1687	-
0	Feeuttut	O	O	-	0	1537	1628	1670	1684	-
0	.	O	O	-	0	1537	1628	1670	1684	-
0	nan	O	O	-	0	1636	1802	1675	1681	-
0	—	O	O	-	0	1636	1802	1675	1681	-
0	—	O	O	-	0	1636	1802	1675	1681	-
0	1	O	O	-	0	1803	1815	1670	1684	-
0	80nSation	O	O	-	0	1011	1264	1728	1755	-
0	GO	O	O	-	0	1274	1295	1732	1752	-
0	—	O	O	-	0	1503	1540	1758	1771	-
0	—	O	O	-	0	1503	1540	1758	1771	-
0	wenktiugenm	O	O	-	0	1255	1364	1758	1772	-
0	!	O	O	-	0	1255	1364	1758	1772	-
0	—	O	O	-	0	1084	1168	1760	1776	-
0	—	O	O	-	0	1084	1168	1760	1776	-
0	—	O	O	-	0	1084	1168	1760	1776	-
0	—	O	O	-	0	1084	1168	1760	1776	-
0	—	O	O	-	0	807	917	1779	1806	-
0	—	O	O	-	0	807	917	1779	1806	-
0	—	O	O	-	0	916	974	1781	1806	-
0	—	O	O	-	0	974	1028	1777	1805	-
0	⏑	O	O	-	0	1030	1049	1787	1805	-
0	:	O	O	-	0	1049	1071	1787	1809	-
0	—	O	O	-	0	1071	1179	1777	1805	-
0	—	O	O	-	0	1179	1275	1775	1807	-
0	—	O	O	-	0	1276	1371	1777	1802	-
0	—	O	O	-	0	1276	1371	1777	1802	-
0	—	O	O	-	0	1384	1490	1774	1801	-
0	—	O	O	-	0	1490	1602	1772	1801	-
0	—	O	O	-	0	1490	1602	1772	1801	-
0	⏑	O	O	-	0	1490	1602	1772	1801	-
0	—	O	O	-	0	1601	1697	1772	1802	-
0	—	O	O	-	0	1601	1697	1772	1802	-
0	—	O	O	-	0	1697	1814	1771	1799	-
0	D	O	O	-	0	1644	1667	1809	1823	-
0	.	O	O	-	0	1644	1667	1809	1823	-
0	.	O	O	-	0	1674	1702	1809	1823	-
0	.	O	O	-	0	1701	1724	1808	1823	-
0	d0007	O	O	-	0	1732	1793	1809	1823	-
0	.	O	O	-	0	1732	1793	1809	1823	-
0	nan	O	O	-	0	1189	1413	1820	1993	-
0	—	O	O	-	0	1189	1413	1820	1993	-
0	—	O	O	-	0	1523	1745	1847	1994	-
0	Eitr	O	O	-	0	1561	1591	1996	2014	-
0	und	O	O	-	0	1597	1625	1996	2012	-
0	Lehne	O	O	-	0	1632	1672	1996	2012	-
0	umgeleat	O	O	-	0	1680	1747	1996	2013	-
0	.	O	O	-	0	1680	1747	1996	2013	-
0	bezogen	O	O	-	0	878	930	1999	2015	-
0	voͤn	O	O	-	0	938	963	1999	2014	-
0	i	O	O	-	0	964	997	1999	2014	-
0	Mark	O	O	-	0	1004	1045	1999	2015	-
0	ab	O	O	-	0	1053	1074	1999	2015	-
0	.	O	O	-	0	1053	1074	1999	2015	-
0	nan	O	O	-	0	1183	1214	2003	2020	-
0	Den	O	O	-	0	1183	1214	2003	2020	-
0	Sit	O	O	-	0	1221	1249	2003	2020	-
0	umageleat	O	O	-	0	1257	1323	2003	2020	-
0	.	O	O	-	0	1257	1323	2003	2020	-
0	zeist	O	O	-	0	1332	1363	2002	2020	-
0	Raum	O	O	-	0	1371	1417	2002	2017	-
0	fün	O	O	-	0	1424	1446	2002	2019	-
0	gweiichlairiges	O	O	-	0	1584	1684	2013	2030	-
0	Beit	O	O	-	0	1691	1727	2012	2028	-
0	.	O	O	-	0	1691	1727	2012	2028	-
0	jowie	O	O	-	0	835	872	2014	2031	-
0	auch	O	O	-	0	877	908	2015	2031	-
0	in	O	O	-	0	913	927	2015	2030	-
0	hocheleganter	O	O	-	0	933	1025	2015	2032	-
0	Auzführung	O	O	-	0	1027	1119	2015	2032	-
0	.	O	O	-	0	1027	1119	2015	2032	-
0	nan	O	O	-	0	1290	1341	2020	2035	-
0	Betten	O	O	-	0	1290	1341	2020	2035	-
0	.	O	O	-	0	1290	1341	2020	2035	-
0	unterſcheiden	O	O	-	0	1073	1163	2040	2056	-
0	ſich	O	O	-	0	1175	1199	2041	2056	-
0	ven	O	O	-	0	1206	1232	2043	2056	-
0	allen	O	O	-	0	1242	1277	2040	2056	-
0	bisberigen	O	O	-	0	1290	1361	2039	2056	-
0	Syftemen	O	O	-	0	1368	1437	2038	2055	-
0	und	O	O	-	0	1450	1478	2038	2054	-
0	übertrelfen	O	O	-	0	1491	1565	2037	2053	-
0	—	O	O	-	0	848	947	2042	2053	-
0	—	O	O	-	0	848	947	2042	2053	-
0	—	O	O	-	0	848	947	2042	2053	-
0	—	O	O	-	0	848	947	2042	2053	-
0	Fumtonit	O	O	-	0	1672	1763	2191	2205	-
0	.	O	O	-	0	1672	1763	2191	2205	-
0	nan	O	O	-	0	1070	1151	2200	2218	-
0	Jedermann	O	O	-	0	1070	1151	2200	2218	-
0	die	O	O	-	0	1163	1182	2200	2216	-
0	Anichafung	O	O	-	0	1189	1273	2201	2217	-
0	dieies	O	O	-	0	1286	1324	2200	2215	-
0	eleganien	O	O	-	0	1339	1409	2201	2215	-
0	.	O	O	-	0	1339	1409	2201	2215	-
0	vractiichen	O	O	-	0	1422	1496	2199	2214	-
0	Sophas	O	O	-	0	1509	1565	2198	2214	-
0	m	O	O	-	0	882	990	2212	2219	-
0	m	O	O	-	0	882	990	2212	2219	-
0	um	O	O	-	0	882	990	2212	2219	-
0	n	O	O	-	0	882	990	2212	2219	-
0	nn	O	O	-	0	882	990	2212	2219	-
0	GSit	O	O	-	0	1623	1652	2214	2232	-
0	und	O	O	-	0	1660	1687	2215	2231	-
0	Lehne	O	O	-	0	1695	1735	2215	2232	-
0	umarleat	O	O	-	0	1742	1810	2214	2232	-
0	.	O	O	-	0	1742	1810	2214	2232	-
0	in	O	O	-	0	814	829	2222	2238	-
0	weiß	O	O	-	0	837	869	2222	2239	-
0	gevolſtert	O	O	-	0	878	942	2223	2239	-
0	t	O	O	-	0	950	968	2223	2236	-
0	Mark	O	O	-	0	975	1020	2222	2238	-
0	,	O	O	-	0	975	1020	2222	2238	-
0	m	O	O	-	0	1070	1087	2220	2234	-
0	erleichtern	O	O	-	0	1095	1170	2218	2233	-
0	.	O	O	-	0	1095	1170	2218	2233	-
0	baben	O	O	-	0	1183	1223	2217	2233	-
0	wir	O	O	-	0	1231	1255	2217	2231	-
0	die	O	O	-	0	1267	1287	2216	2231	-
0	Breile	O	O	-	0	1294	1336	2215	2232	-
0	auis	O	O	-	0	1349	1380	2215	2231	-
0	Medriaite	O	O	-	0	1387	1457	2215	2231	-
0	notmirt	O	O	-	0	1465	1525	2214	2230	-
0	.	O	O	-	0	1465	1525	2214	2230	-
0	nan	O	O	-	0	1095	1127	2232	2248	-
0	Wir	O	O	-	0	1095	1127	2232	2248	-
0	laden	O	O	-	0	1135	1173	2233	2248	-
0	zur	O	O	-	0	1181	1205	2236	2249	-
0	gef	O	O	-	0	1212	1234	2233	2249	-
0	.	O	O	-	0	1212	1234	2233	2249	-
0	eüchtigung	O	O	-	0	1240	1330	2231	2249	-
0	ein	O	O	-	0	1337	1363	2231	2248	-
0	.	O	O	-	0	1337	1363	2231	2248	-
0	ſenden	O	O	-	0	1371	1415	2231	2248	-
0	aui	O	O	-	0	1423	1446	2231	2248	-
0	Verlangen	O	O	-	0	1451	1526	2231	2248	-
0	gern	O	O	-	0	1533	1564	2233	2248	-
0	bezogen	O	O	-	0	821	873	2239	2254	-
0	von	O	O	-	0	881	907	2242	2254	-
0	70	O	O	-	0	914	931	2239	2253	-
0	Mark	O	O	-	0	938	979	2238	2254	-
0	ab	O	O	-	0	986	1006	2238	2253	-
0	.	O	O	-	0	986	1006	2238	2253	-
0	ein	O	O	-	0	1684	1705	2242	2258	-
0	Bett	O	O	-	0	1713	1749	2241	2258	-
0	.	O	O	-	0	1713	1749	2241	2258	-
0	wie	O	O	-	0	787	812	2254	2270	-
0	auch	O	O	-	0	820	851	2254	2271	-
0	in	O	O	-	0	859	873	2256	2270	-
0	eleganter	O	O	-	0	882	944	2255	2271	-
0	Ausiubrung	O	O	-	0	952	1044	2254	2270	-
0	.	O	O	-	0	952	1044	2254	2270	-
0	nan	O	O	-	0	1070	1159	2248	2266	-
0	Zeichnungen	O	O	-	0	1070	1159	2248	2266	-
0	aratis	O	O	-	0	1166	1209	2249	2266	-
0	und	O	O	-	0	1215	1246	2249	2264	-
0	iranco	O	O	-	0	1254	1301	2249	2264	-
0	.	O	O	-	0	1254	1301	2249	2264	-
0	nan	O	O	-	0	868	944	2271	2287	-
0	Batent⸗	O	O	-	0	868	944	2271	2287	-
0	Sopha⸗	O	O	-	0	947	1019	2271	2286	-
0	gabrit	O	O	-	0	1023	1091	2270	2285	-
0	und	O	O	-	0	1098	1135	2270	2285	-
0	matbeil⸗	O	O	-	0	1143	1317	2270	2285	-
0	-	O	O	-	0	1143	1317	2270	2285	-
0	Magaazint	O	O	-	0	1143	1317	2270	2285	-
0	griedrichſtrahe	O	O	-	0	1327	1479	2268	2285	-
0	116	O	O	-	0	1491	1535	2269	2284	-
0	.	O	O	-	0	1491	1535	2269	2284	-
0		O	O	-	0	1543	1562	2269	2284	-
0	1	O	O	-	0	1543	1562	2269	2284	-
0	.	O	O	-	0	1543	1562	2269	2284	-
0	,	O	O	-	0	1543	1562	2269	2284	-
0	Ecke	O	O	-	0	1573	1602	2267	2284	-
0	Schiffbauerdamm	O	O	-	0	1609	1737	2267	2284	-
0	.	O	O	-	0	1609	1737	2267	2284	-
0	nan	O	O	-	0	784	1043	2317	2354	-
0	Köbolsto	B-LOC	O	-	0	784	1043	2317	2354	-
0	to	O	O	-	0	1044	1110	2315	2354	-
0	zu	O	O	-	0	863	879	2366	2379	-
0	ungekannt	O	O	-	0	887	960	2362	2379	-
0	niedrigen	O	O	-	0	968	1032	2362	2379	-
0	Nerkankepreiſen	O	O	-	0	879	1018	2379	2394	-
0	.	O	O	-	0	879	1018	2379	2394	-
0	nan	O	O	-	0	1070	1098	2377	2393	-
0	Mk	O	O	-	0	1070	1098	2377	2393	-
0	.	O	O	-	0	1070	1098	2377	2393	-
0	nan	O	O	-	0	1019	1053	2393	2409	-
0	—	O	O	-	0	1019	1053	2393	2409	-
0	—	O	O	-	0	1100	1122	2393	2410	-
0	19	O	O	-	0	778	802	2396	2410	-
0	eEm	O	O	-	0	809	837	2399	2410	-
0	.	O	O	-	0	809	837	2399	2410	-
0	iutz	O	O	-	0	846	861	2394	2409	-
0	WMWoiltdamait	O	O	-	0	869	958	2394	2410	-
0	,	O	O	-	0	869	958	2394	2410	-
0	2	O	O	-	0	1090	1123	2410	2425	-
0	.	O	O	-	0	1090	1123	2410	2425	-
0		O	O	-	0	1090	1123	2410	2425	-
0	10	O	O	-	0	1090	1123	2410	2425	-
0	.	O	O	-	0	1090	1123	2410	2425	-
0	uh	O	O	-	0	778	825	2412	2428	-
0	,	O	O	-	0	778	825	2412	2428	-
0	Wolldamaſt	O	O	-	0	846	931	2410	2427	-
0	li	O	O	-	0	940	961	2410	2427	-
0	.	O	O	-	0	940	961	2410	2427	-
0	u	O	O	-	0	1023	1031	2420	2427	-
0	256	O	O	-	0	1091	1123	2426	2441	-
0	.	O	O	-	0	1091	1123	2426	2441	-
0		O	O	-	0	945	968	2426	2444	-
0	Ia	O	O	-	0	945	968	2426	2444	-
0	.	O	O	-	0	945	968	2426	2444	-
0	nan	O	O	-	0	778	825	2428	2444	-
0	J0	O	O	-	0	778	825	2428	2444	-
0	u	O	O	-	0	1024	1031	2436	2442	-
0	i	O	O	-	0	878	885	2437	2442	-
0	260	O	O	-	0	1091	1123	2442	2457	-
0	.	O	O	-	0	1091	1123	2442	2457	-
0		O	O	-	0	879	1031	2442	2458	-
0	„	O	O	-	0	879	1031	2442	2458	-
0	Erxtrarrimaga	O	O	-	0	879	1031	2442	2458	-
0	14	O	O	-	0	778	802	2444	2458	-
0	—	O	O	-	0	818	825	2454	2460	-
0	140	O	O	-	0	778	802	2460	2474	-
0	Keinwollener	O	O	-	0	819	935	2458	2475	-
0	Rips	O	O	-	0	940	975	2458	2475	-
0	II	O	O	-	0	980	1031	2458	2475	-
0	.	O	O	-	0	980	1031	2458	2475	-
0	.	O	O	-	0	980	1031	2458	2475	-
0	.	O	O	-	0	980	1031	2458	2475	-
0		O	O	-	0	1091	1104	2458	2473	-
0	8	O	O	-	0	1091	1104	2458	2473	-
0	.	O	O	-	0	1091	1104	2458	2473	-
0	—	O	O	-	0	1104	1123	2466	2473	-
0	,	O	O	-	0	1104	1123	2466	2473	-
0	8	O	O	-	0	1091	1123	2474	2489	-
0	.	O	O	-	0	1091	1123	2474	2489	-
0		O	O	-	0	986	1030	2474	2490	-
0	J	O	O	-	0	986	1030	2474	2490	-
0	.	O	O	-	0	986	1030	2474	2490	-
0		O	O	-	0	778	825	2476	2492	-
0	14	O	O	-	0	778	825	2476	2492	-
0	u	O	O	-	0	886	892	2485	2492	-
0	Crepe	O	O	-	0	942	995	2485	2507	-
0	ll	O	O	-	0	997	1031	2489	2507	-
0	.	O	O	-	0	997	1031	2489	2507	-
0	.	O	O	-	0	997	1031	2489	2507	-
0	77u	O	O	-	0	1091	1123	2490	2504	-
0	.	O	O	-	0	1091	1123	2490	2504	-
0	lu	O	O	-	0	778	825	2492	2508	-
0	866	O	O	-	0	1091	1123	2506	2521	-
0	.	O	O	-	0	1091	1123	2506	2521	-
0		O	O	-	0	778	802	2508	2522	-
0	—	O	O	-	0	778	802	2508	2522	-
0	U	O	O	-	0	778	802	2508	2522	-
0	—	O	O	-	0	778	802	2508	2522	-
0	u	O	O	-	0	886	892	2517	2523	-
0	Eritaprina	O	O	-	0	909	993	2517	2538	-
0	l	O	O	-	0	1003	1032	2506	2538	-
0	.	O	O	-	0	1003	1032	2506	2538	-
0	.	O	O	-	0	1003	1032	2506	2538	-
0	.	O	O	-	0	779	789	2524	2538	-
0	nan	O	O	-	0	789	826	2524	2539	-
0	0	O	O	-	0	789	826	2524	2539	-
0	)	O	O	-	0	780	803	2541	2554	-
0	Grann	O	O	-	0	819	893	2534	2556	-
0	brocat	O	O	-	0	898	948	2534	2555	-
0	,	O	O	-	0	898	948	2534	2555	-
0	zwei	O	O	-	0	955	1033	2538	2555	-
0	0	O	O	-	0	1047	1123	2523	2553	-
0	-	O	O	-	0	1047	1123	2523	2553	-
0	33	O	O	-	0	1047	1123	2523	2553	-
0	„	O	O	-	0	915	1032	2554	2571	-
0	einfarb	O	O	-	0	915	1032	2554	2571	-
0	.	O	O	-	0	915	1032	2554	2571	-
0	nan	O	O	-	0	915	1122	2554	2571	-
0	2	O	O	-	0	915	1122	2554	2571	-
0	—	O	O	-	0	1045	1122	2554	2570	-
0	.	O	O	-	0	1045	1122	2554	2570	-
0	nan	O	O	-	0	778	826	2556	2572	-
0	10	O	O	-	0	778	826	2556	2572	-
0	d	O	O	-	0	851	866	2566	2572	-
0	—	O	O	-	0	851	866	2566	2572	-
0	Mobolpluscno	O	O	-	0	850	1058	2569	2603	-
0	:	O	O	-	0	850	1058	2569	2603	-
0	m	O	O	-	0	1065	1084	2605	2616	-
0	.	O	O	-	0	1065	1084	2605	2616	-
0		O	O	-	0	1092	1122	2601	2616	-
0	860	O	O	-	0	1092	1122	2601	2616	-
0	em	O	O	-	0	777	830	2604	2620	-
0	.	O	O	-	0	777	830	2604	2620	-
0		O	O	-	0	838	935	2603	2620	-
0	Mohairpliich	B-PER	O	-	0	838	935	2603	2620	-
0	.	O	O	-	0	1070	1123	2617	2633	-
0		O	O	-	0	1070	1123	2617	2633	-
0	800	O	O	-	0	1070	1123	2617	2633	-
0	hochflor	O	O	-	0	936	991	2618	2635	-
0	U	B-PER	O	Q9747|Q183388|Q14287|Q392938|Q49045|Q392911|Q392922|Q1273066|Q392930|Q392939	0	999	1020	2617	2634	0.42,0.4,0.3,0.18,0.18,0.16,0.16,0.15,0.14,0.1
0	.	O	O	-	0	999	1020	2617	2634	-
0		O	O	-	0	777	818	2621	2636	-
0	0	O	O	-	0	777	818	2621	2636	-
0	1	O	O	-	0	1006	1022	2634	2650	-
0	.	O	O	-	0	1006	1022	2634	2650	-
0		O	O	-	0	1071	1123	2633	2650	-
0	4450	O	O	-	0	1071	1123	2633	2650	-
0	h	O	O	-	0	777	817	2637	2652	-
0	m	O	O	-	0	961	968	2646	2651	-
0	u	O	O	-	0	888	895	2646	2652	-
0	6	O	O	-	0	1070	1106	2650	2666	-
0	.	O	O	-	0	1070	1106	2650	2666	-
0		O	O	-	0	1107	1122	2657	2661	-
0	—	O	O	-	0	1107	1122	2657	2661	-
0	D	O	O	-	0	777	794	2653	2667	-
0	—	O	O	-	0	811	817	2661	2668	-
0	llrima	O	O	-	0	935	1019	2651	2685	-
0	9	O	O	-	0	1068	1076	2676	2682	-
0	54	O	O	-	0	1091	1123	2665	2681	-
0	.	O	O	-	0	1091	1123	2665	2681	-
0	u	O	O	-	0	777	818	2669	2685	-
0	„	O	O	-	0	977	1076	2681	2699	-
0	hochflor	O	O	-	0	977	1076	2681	2699	-
0	666	O	O	-	0	1091	1123	2681	2698	-
0	.	O	O	-	0	1091	1123	2681	2698	-
0		O	O	-	0	777	795	2685	2699	-
0	PD	O	O	-	0	777	795	2685	2699	-
0	—	O	O	-	0	811	818	2694	2700	-
0	o	O	O	-	0	777	795	2701	2715	-
0	Vluſch	O	O	-	0	811	885	2700	2717	-
0	brocat	O	O	-	0	888	949	2695	2714	-
0	m	O	O	-	0	1019	1039	2711	2722	-
0	.	O	O	-	0	1019	1039	2711	2722	-
0		O	O	-	0	1100	1124	2706	2722	-
0	60	O	O	-	0	1100	1124	2706	2722	-
0	.	O	O	-	0	1100	1124	2706	2722	-
0	fris	O	O	-	0	890	950	2716	2731	-
0	Vantagiostoſſo	O	O	-	0	777	1053	2717	2758	-
0	Broben	O	O	-	0	891	943	2763	2779	-
0	vortorfrei	O	O	-	0	951	1014	2762	2779	-
0	.	O	O	-	0	951	1014	2762	2779	-
0	nan	O	O	-	0	795	914	2779	2809	-
0	Richard	B-PER	O	Q13894|Q269094|Q1511|Q151973|Q9588|Q78874|Q76590	0	795	914	2779	2809	0.33,0.27,0.16,0.11,0.1,0.1,0.1
0	Senlosingor	I-PER	O	Q13894|Q269094|Q1511|Q151973|Q9588|Q78874|Q76590	0	931	1108	2778	2809	0.33,0.27,0.16,0.11,0.1,0.1,0.1
0	,	O	O	-	0	931	1108	2778	2809	-
0	—	O	O	-	0	857	894	2813	2827	-
0	—	O	O	-	0	895	927	2816	2827	-
0	⏑	O	O	-	0	895	927	2816	2827	-
0	—	O	O	-	0	928	968	2812	2826	-
0	D	O	O	-	0	968	1015	2812	2826	-
0	—	O	O	-	0	968	1015	2812	2826	-
0	—	O	O	-	0	1014	1044	2811	2825	-
0	Bei	O	O	-	0	800	826	2828	2845	-
0	Entnahme	O	O	-	0	834	907	2828	2845	-
0	aanzer	O	O	-	0	914	961	2831	2846	-
0	oder	O	O	-	0	964	997	2827	2846	-
0	balber	O	O	-	0	1005	1050	2827	2843	-
0	Gtücke	O	O	-	0	1057	1104	2825	2841	-
0	—	O	O	-	0	888	920	2844	2861	-
0	—	O	O	-	0	920	1016	2844	2867	-
0	E	O	O	-	0	801	857	2878	2913	-
0	Baumtuenen	O	O	-	0	888	1122	2873	2913	-
0	in	O	O	-	0	882	887	2919	2935	-
0	vorznal	O	O	-	0	888	965	2919	2935	-
0	icher	O	O	-	0	967	998	2918	2933	-
0	(	O	O	-	0	1013	1049	2917	2932	-
0	aüte	O	O	-	0	1013	1049	2917	2932	-
0	verlendei	O	O	-	0	1063	1126	2916	2932	-
0	—	O	O	-	0	781	895	3022	3062	-
0	p	O	O	-	0	886	939	3029	3062	-
0	—	O	O	-	0	938	1046	3020	3061	-
0	—	O	O	-	0	1046	1126	3018	3059	-
0	Lorm	B-PER	O	-	0	780	860	3067	3096	-
0	Veinberg	I-LOC	O	-	0	866	995	3066	3096	-
0	.	O	O	-	0	866	995	3066	3096	-
0	nan	O	O	-	0	1012	1042	3074	3088	-
0	—	O	O	-	0	1012	1042	3074	3088	-
0	—	O	O	-	0	1043	1128	3073	3090	-
0	Wurnfabrik	O	O	-	0	841	927	3097	3114	-
0	mit	O	O	-	0	934	959	3098	3112	-
0	Famyfbetrieb	O	O	-	0	966	1067	3095	3112	-
0	.	O	O	-	0	966	1067	3095	3112	-
0	nan	O	O	-	0	1181	1569	2308	2377	-
0	—	O	O	-	0	1181	1569	2308	2377	-
0	JJJ	O	O	-	0	1181	1569	2308	2377	-
0	JI	O	O	-	0	1575	1828	2307	2377	-
0	mour	O	O	-	0	1170	1218	2388	2402	-
0	niu	O	O	-	0	1223	1249	2388	2401	-
0	so	O	O	-	0	1254	1274	2388	2401	-
0	janonr	O	O	-	0	1278	1328	2387	2402	-
0	Ertol	O	O	-	0	1333	1390	2386	2401	-
0	tuer	O	O	-	0	1396	1425	2387	2399	-
0	tleiluns	O	O	-	0	1430	1485	2386	2401	-
0	von	O	O	-	0	1489	1514	2388	2398	-
0	SCAHNUPEN	O	O	-	0	1520	1642	2385	2399	-
0	.	O	O	-	0	1520	1642	2385	2399	-
0	nan	O	O	-	0	1647	1833	2385	2402	-
0	BſtuSTIRRITATION	O	O	-	0	1647	1833	2385	2402	-
0	.	O	O	-	0	1647	1833	2385	2402	-
0	nan	O	O	-	0	1170	1241	2405	2418	-
0	REEvnt	B-PER	O	-	0	1170	1241	2405	2418	-
0	ArTISiuB	O	O	-	0	1242	1332	2403	2417	-
0	.	O	O	-	0	1242	1332	2403	2417	-
0	nan	O	O	-	0	1346	1546	2402	2416	-
0	LENDENGGDANTEREAETN	B-PER	O	-	0	1346	1546	2402	2416	-
0	.	O	O	-	0	1346	1546	2402	2416	-
0	nan	O	O	-	0	1561	1613	2402	2415	-
0	VLERIL	B-PER	O	-	0	1561	1613	2402	2415	-
0	ENTEUNMEN	O	O	-	0	1614	1724	2402	2418	-
0	,	O	O	-	0	1614	1724	2402	2418	-
0	WVUDEI	O	O	-	0	1737	1833	2402	2418	-
0	.	O	O	-	0	1737	1833	2402	2418	-
0	nan	O	O	-	0	1170	1341	2419	2435	-
0	RuEnnERAGE	O	O	-	0	1170	1341	2419	2435	-
0	,	O	O	-	0	1170	1341	2419	2435	-
0	ete	O	O	-	0	1351	1376	2420	2432	-
0	.	O	O	-	0	1351	1376	2420	2432	-
0	in	O	O	-	0	1384	1398	2419	2432	-
0	allen	O	O	-	0	1405	1440	2419	2432	-
0	Apothelon	O	O	-	0	1448	1522	2419	2434	-
0	neutien	O	O	-	0	1530	1593	2418	2432	-
0	(	O	O	-	0	1602	1692	2418	2434	-
0	Nameuszus	O	O	-	0	1602	1692	2418	2434	-
0	zu	O	O	-	0	1699	1715	2422	2432	-
0	vorlungenv	O	O	-	0	1722	1805	2419	2434	-
0	—	O	O	-	0	1335	1403	2449	2480	-
0	77	O	O	-	0	1405	1552	2447	2480	-
0	—	O	O	-	0	1553	1682	2440	2480	-
0	—	O	O	-	0	1754	1855	2438	2474	-
0	2	O	O	-	0	1190	1302	2463	2579	-
0	—	O	O	-	0	1368	1485	2484	2559	-
0	Mo	O	O	-	0	1500	1595	2484	2561	-
0	—	O	O	-	0	1601	1823	2484	2561	-
0	Hoflieferanten	O	O	-	0	1438	1538	2562	2579	-
0	Seiner	O	O	-	0	1545	1594	2561	2578	-
0	Majefaͤt	O	O	-	0	1600	1663	2561	2578	-
0	des	O	O	-	0	1671	1693	2562	2577	-
0	Koͤnia	O	O	-	0	1700	1755	2561	2578	-
0	.	O	O	-	0	1700	1755	2561	2578	-
0	um	O	O	-	0	1408	1441	2740	2754	-
0	iber	O	O	-	0	1449	1486	2739	2753	-
0	0000	O	O	-	0	1493	1552	2739	2754	-
0	Grempiare	O	O	-	0	1560	1647	2739	2754	-
0	im	O	O	-	0	1654	1675	2738	2752	-
0	Ketrieb	O	O	-	0	1683	1744	2738	2752	-
0	i	O	O	-	0	1751	1784	2740	2753	-
0	—	O	O	-	0	1190	1240	2735	2760	-
0	.	O	O	-	0	1245	1273	2739	2758	-
0	.	O	O	-	0	1245	1273	2739	2758	-
0	nan	O	O	-	0	1286	1303	2738	2770	-
0	4	O	O	-	0	1286	1303	2738	2770	-
0	id	O	O	-	0	1337	1371	2753	2770	-
0	Gewarnt	O	O	-	0	1384	1458	2755	2770	-
0	wird	O	O	-	0	1465	1504	2755	2770	-
0	vor	O	O	-	0	1512	1541	2756	2769	-
0	aͤhntich	O	O	-	0	1548	1606	2755	2770	-
0	benannten	O	O	-	0	1616	1700	2755	2769	-
0	Amitatonen	O	O	-	0	1708	1858	2752	2770	-
0	Fabrik	O	O	-	0	1486	1533	2770	2791	-
0	und	O	O	-	0	1542	1569	2771	2785	-
0	arböbtes	O	O	-	0	1577	1627	2770	2786	-
0	Laaer	O	O	-	0	1632	1674	2770	2786	-
0	ven	O	O	-	0	1681	1707	2773	2784	-
0	—	O	O	-	0	1168	1252	2761	2810	-
0	.	O	O	-	0	1168	1252	2761	2810	-
0	—	O	O	-	0	1237	1324	2762	2827	-
0	—	O	O	-	0	1425	1547	2786	2835	-
0	—	O	O	-	0	1614	1723	2786	2834	-
0	—	O	O	-	0	1614	1723	2786	2834	-
0	—	O	O	-	0	1717	1857	2785	2835	-
0	mimmæmmu	O	O	-	0	1411	1545	2844	2847	-
0	mniniimiemuimummummiiimmmmmmeeiamm	O	O	-	0	1548	1671	2843	2847	-
0	ö	O	O	-	0	1411	1855	2843	2847	-
0	“	O	O	-	0	1411	1855	2843	2847	-
0	imiim	O	O	-	0	1411	1855	2843	2847	-
0	mWium3t0t	O	O	-	0	1411	1855	2843	2847	-
0	u	O	O	-	0	1411	1855	2843	2847	-
0	m	O	O	-	0	1411	1855	2843	2847	-
0	̃	O	O	-	0	1411	1855	2843	2847	-
0	̃	O	O	-	0	1411	1855	2843	2847	-
0	ñ	O	O	-	0	1411	1855	2843	2847	-
0	̃	O	O	-	0	1411	1855	2843	2847	-
0	“	O	O	-	0	1411	1855	2843	2847	-
0	̃U	O	O	-	0	1411	1855	2843	2847	-
0	1	O	O	-	0	1411	1855	2843	2847	-
0	ů	O	O	-	0	1411	1855	2843	2847	-
0	ůu	O	O	-	0	1688	1802	2844	2847	-
0	̃fumemm	O	O	-	0	1815	1855	2844	2847	-
0	tEtnartandi	O	O	-	0	1457	1547	2874	2887	-
0	.	O	O	-	0	1457	1547	2874	2887	-
0	!	O	O	-	0	1457	1547	2874	2887	-
0	nan	O	O	-	0	1215	1247	2887	2903	-
0	Wer	O	O	-	0	1215	1247	2887	2903	-
0	für	O	O	-	0	1255	1277	2887	2902	-
0	wenig	O	O	-	0	1285	1326	2887	2903	-
0	Geld	O	O	-	0	1334	1368	2887	2902	-
0	ſeine	O	O	-	0	1376	1407	2887	2902	-
0	Schmerzen	O	O	-	0	1415	1490	2886	2903	-
0	los	O	O	-	0	1498	1520	2887	2901	-
0	werden	O	O	-	0	1527	1575	2887	2902	-
0	will	O	O	-	0	1583	1615	2886	2903	-
0	.	O	O	-	0	1583	1615	2886	2903	-
0	der	O	O	-	0	1629	1650	2887	2902	-
0	verluche	O	O	-	0	1663	1719	2887	2902	-
0	das	O	O	-	0	1730	1755	2887	2902	-
0	alz	O	O	-	0	1769	1792	2887	2902	-
0	wett⸗	O	O	-	0	1800	1835	2888	2902	-
0	berſihmtes	O	O	-	0	1168	1241	2903	2919	-
0	Uoltomittel	O	O	-	0	1249	1331	2903	2919	-
0	ſich	O	O	-	0	1339	1363	2904	2919	-
0	bewahrte	O	O	-	0	1371	1437	2904	2918	-
0	.	O	O	-	0	1371	1437	2904	2918	-
0	amttich	O	O	-	0	1448	1507	2904	2919	-
0	agerruite	O	O	-	0	1516	1571	2904	2919	-
0	Ulunreihardi	B-PER	O	-	0	1579	1714	2904	2919	-
0	inecnumner	O	O	-	0	1714	1818	2905	2918	-
0	.	O	O	-	0	1714	1818	2905	2918	-
0	.	O	O	-	0	1714	1818	2905	2918	-
0	.	O	O	-	0	1819	1836	2904	2918	-
0	wund⸗	O	O	-	0	1170	1237	2921	2935	-
0	und	O	O	-	0	1244	1284	2921	2934	-
0	eiiumtnanter	O	O	-	0	1293	1409	2920	2936	-
0	)	O	O	-	0	1412	1430	2919	2935	-
0	.	O	O	-	0	1412	1430	2919	2935	-
0	denn	O	O	-	0	1434	1467	2919	2934	-
0	bei	O	O	-	0	1477	1495	2919	2933	-
0	Eiterungen	O	O	-	0	1501	1583	2918	2935	-
0	.	O	O	-	0	1501	1583	2918	2935	-
0	nan	O	O	-	0	1588	1626	2919	2933	-
0	Geic	O	O	-	0	1588	1626	2919	2933	-
0	wulnen	O	O	-	0	1626	1683	2920	2934	-
0	.	O	O	-	0	1626	1683	2920	2934	-
0	nan	O	O	-	0	1689	1775	2920	2935	-
0	Karbunkeln	O	O	-	0	1689	1775	2920	2935	-
0	.	O	O	-	0	1689	1775	2920	2935	-
0	nan	O	O	-	0	1781	1836	2919	2935	-
0	Tritien	O	O	-	0	1781	1836	2919	2935	-
0	Fnochemraſ	O	O	-	0	1168	1259	2936	2952	-
0	.	O	O	-	0	1168	1259	2936	2952	-
0	nan	O	O	-	0	1267	1363	2936	2950	-
0	Krebzichaden	O	O	-	0	1267	1363	2936	2950	-
0	.	O	O	-	0	1267	1363	2936	2950	-
0	nan	O	O	-	0	1372	1443	2935	2952	-
0	Salzflun	O	O	-	0	1372	1443	2935	2952	-
0	.	O	O	-	0	1372	1443	2935	2952	-
0	nan	O	O	-	0	1450	1511	2934	2951	-
0	Flechten	O	O	-	0	1450	1511	2934	2951	-
0	.	O	O	-	0	1450	1511	2934	2951	-
0	nan	O	O	-	0	1519	1560	2934	2951	-
0	Froit	O	O	-	0	1519	1560	2934	2951	-
0	,	O	O	-	0	1519	1560	2934	2951	-
0	und	O	O	-	0	1574	1601	2936	2950	-
0	Arandwunden	O	O	-	0	1609	1715	2935	2950	-
0	.	O	O	-	0	1609	1715	2935	2950	-
0	nan	O	O	-	0	1728	1814	2935	2952	-
0	Hautanzici	O	O	-	0	1728	1814	2935	2952	-
0	-	O	O	-	0	1728	1814	2935	2952	-
0	l	O	O	-	0	1728	1814	2935	2952	-
0	a4	O	O	-	0	1819	1835	2940	2952	-
0	Hubnerauagen	O	O	-	0	1169	1268	2952	2967	-
0	.	O	O	-	0	1169	1268	2952	2967	-
0	nan	O	O	-	0	1282	1328	2952	2966	-
0	Aruit	O	O	-	0	1282	1328	2952	2966	-
0	,	O	O	-	0	1282	1328	2952	2966	-
0	und	O	O	-	0	1342	1369	2952	2966	-
0	Maarnteiden	O	O	-	0	1377	1473	2950	2967	-
0	.	O	O	-	0	1377	1473	2950	2967	-
0	nan	O	O	-	0	1486	1527	2950	2966	-
0	Gicht	O	O	-	0	1486	1527	2950	2966	-
0	und	O	O	-	0	1531	1558	2951	2966	-
0	Rheumatismm	O	O	-	0	1566	1675	2951	2967	-
0	giebt	O	O	-	0	1687	1720	2952	2967	-
0	E	O	O	-	0	1728	1743	2951	2966	-
0	nicht	O	O	-	0	1755	1796	2952	2967	-
0	?	O	O	-	0	1755	1796	2952	2967	-
0	nan	O	O	-	0	1804	1835	2953	2966	-
0	Ein	O	O	-	0	1804	1835	2953	2966	-
0	:	O	O	-	0	1804	1835	2953	2966	-
0	facheres	O	O	-	0	1170	1223	2968	2984	-
0	und	O	O	-	0	1231	1258	2969	2982	-
0	Aeijeres	O	O	-	0	1266	1325	2967	2983	-
0	,	O	O	-	0	1266	1325	2967	2983	-
0	als	O	O	-	0	1334	1357	2968	2981	-
0	dieirs	O	O	-	0	1365	1403	2967	2981	-
0	Pflatter	O	O	-	0	1411	1468	2967	2982	-
0	.	O	O	-	0	1411	1468	2967	2982	-
0	was	O	O	-	0	1477	1505	2968	2981	-
0	die	O	O	-	0	1513	1533	2967	2981	-
0	vielen	O	O	-	0	1540	1580	2967	2981	-
0	meiit	O	O	-	0	1588	1622	2967	2981	-
0	amttich	O	O	-	0	1630	1680	2968	2983	-
0	beglaubiaten	O	O	-	0	1689	1777	2967	2984	-
0	und	O	O	-	0	1786	1813	2968	2983	-
0	in	O	O	-	0	1822	1836	2968	2983	-
0	hen	O	O	-	0	1170	1194	2983	3000	-
0	Arotheien	O	O	-	0	1201	1271	2984	3000	-
0	zur	O	O	-	0	1280	1303	2987	3000	-
0	Uertheilung	O	O	-	0	1311	1398	2983	3000	-
0	ausligenden	O	O	-	0	1405	1495	2983	2998	-
0	Zeuanmie	O	O	-	0	1501	1567	2983	3000	-
0	beweiſen	O	O	-	0	1575	1636	2983	3000	-
0	.	O	O	-	0	1575	1636	2983	3000	-
0	auf	O	O	-	0	1441	1464	2999	3013	-
0	den	O	O	-	0	1472	1495	2999	3013	-
0	Schnchteln	O	O	-	0	1503	1578	2998	3014	-
0	zu	O	O	-	0	1591	1606	2998	3015	-
0	baben	O	O	-	0	1620	1660	2998	3015	-
0	4	O	O	-	0	1673	1681	2999	3013	-
0	und	O	O	-	0	1689	1746	2998	3015	-
0	E0	O	O	-	0	1753	1771	2999	3014	-
0	Bf	O	O	-	0	1777	1798	2999	3014	-
0	.	O	O	-	0	1777	1798	2999	3014	-
0	imit	O	O	-	0	1807	1836	3000	3014	-
0	0	O	O	-	0	1392	1425	3005	3014	-
0	*	O	O	-	0	1392	1425	3005	3014	-
0	J	O	O	-	0	1217	1267	3015	3032	-
0	Sautaacter	O	O	-	0	1275	1367	3014	3032	-
0	X	O	O	-	0	1382	1455	3014	3046	-
0	ee	O	O	-	0	1455	1836	3015	3047	-
0	Kamneniertr	O	O	-	0	1170	1258	3047	3063	-
0	.	O	O	-	0	1170	1258	3047	3063	-
0		O	O	-	0	1266	1286	3049	3063	-
0	4	O	O	-	0	1266	1286	3049	3063	-
0	.	O	O	-	0	1266	1286	3049	3063	-
0	der	O	O	-	0	1293	1315	3047	3063	-
0	Aboihbelke	O	O	-	0	1322	1396	3047	3063	-
0	zum	O	O	-	0	1404	1438	3050	3063	-
0	weien	O	O	-	0	1445	1503	3047	3063	-
0	Echwan	O	O	-	0	1510	1579	3046	3062	-
0	.	O	O	-	0	1510	1579	3046	3062	-
0	nan	O	O	-	0	1587	1602	3046	3061	-
0	C	O	O	-	0	1587	1602	3046	3061	-
0	.	O	O	-	0	1587	1602	3046	3061	-
0		O	O	-	0	1610	1717	3046	3063	-
0	Epandauerite	O	O	-	0	1610	1717	3046	3063	-
0	.	O	O	-	0	1610	1717	3046	3063	-
0	nan	O	O	-	0	1717	1737	3047	3063	-
0	J	O	O	-	0	1717	1737	3047	3063	-
0	ſume	O	O	-	0	1745	1782	3047	3063	-
0	i	O	O	-	0	1789	1798	3051	3062	-
0	ſeſt	O	O	-	0	1800	1836	3047	3063	-
0	allen	O	O	-	0	1170	1204	3065	3079	-
0	Apothrfen	O	O	-	0	1212	1282	3064	3079	-
0	in	O	O	-	0	1291	1304	3063	3079	-
0	Aertin	O	O	-	0	1313	1372	3064	3079	-
0	.	O	O	-	0	1313	1372	3064	3079	-
0	ierhauvt	O	O	-	0	1381	1451	3064	3079	-
0	in	O	O	-	0	1460	1474	3063	3078	-
0	allen	O	O	-	0	1482	1516	3063	3078	-
0	Stadumn	O	O	-	0	1525	1581	3063	3078	-
0	Teutid	O	O	-	0	1588	1638	3062	3079	-
0	ianes	O	O	-	0	1641	1684	3064	3078	-
0	.	O	O	-	0	1641	1684	3064	3078	-
0	nan	O	O	-	0	1690	1706	3071	3075	-
0	—	O	O	-	0	1690	1706	3071	3075	-
0	NB	O	O	-	0	1714	1744	3063	3079	-
0	.	O	O	-	0	1714	1744	3063	3079	-
0	nan	O	O	-	0	1749	1786	3063	3079	-
0	Diite	O	O	-	0	1749	1786	3063	3079	-
0	aetau	O	O	-	0	1793	1859	3067	3079	-
0	am	O	O	-	0	1171	1194	3080	3094	-
0	onine	O	O	-	0	1202	1264	3081	3094	-
0	enmnrte	O	O	-	0	1268	1351	3081	3093	-
0	in	O	O	-	0	1360	1424	3081	3092	-
0	,	O	O	-	0	1360	1424	3081	3092	-
0	˖	O	O	-	0	1360	1424	3081	3092	-
0	1	O	O	-	0	1860	1862	3106	3108	-
